Sample_ID,Heat_Treatment,Grain_Size_um,Temperature_C,Measurement_Batch,Hardness_HV
A000,Annealed,52.98,907.41,4,285.14
A001,Annealed,49.17,915.28,1,271.44
A002,Annealed,53.89,888.81,3,260.5
A003,Annealed,59.14,904.5,5,279.16
A004,Annealed,48.6,894.79,3,289.77
A005,Annealed,48.6,896.1,3,264.93
A006,Annealed,59.48,895.26,1,274.54
A007,Annealed,54.6,893.09,1,276.02
A008,Annealed,47.18,900.39,1,274.56
A009,Annealed,53.26,893.35,2,265.61
A010,Annealed,47.22,902.16,4,286.98
A011,Annealed,47.21,899.6,2,281.3
A012,Annealed,51.45,898.09,4,278.46
A013,Annealed,38.52,892.74,4,284.26
A014,Annealed,39.65,895.39,3,281.73
A015,Annealed,46.63,906.04,3,263.36
A016,Annealed,43.92,904.01,4,281.39
A017,Annealed,51.89,892.18,4,286.43
A018,Annealed,44.55,900.79,2,276.17
A019,Annealed,41.53,906.01,2,274.69
A020,Annealed,58.79,886.64,3,274.78
A021,Annealed,48.65,904.35,1,283.2
A022,Annealed,50.41,894.7,4,273.37
A023,Annealed,41.45,904.56,2,282.99
A024,Annealed,46.73,893.89,3,282.3
A025,Annealed,50.67,885.56,2,276.18
A026,Annealed,43.09,886.98,4,290.78
A027,Annealed,52.25,900.38,4,293.15
A028,Annealed,46.4,902.08,5,268.78
A029,Annealed,48.25,892.77,1,287.79
A030,Annealed,46.39,905.11,5,281.49
A031,Annealed,61.11,886.71,3,280.07
A032,Annealed,49.92,899.47,2,282.92
A033,Annealed,43.65,890.31,3,283.67
A034,Annealed,54.94,894.79,4,279.53
A035,Annealed,42.67,900.38,5,281.43
A036,Annealed,51.25,893.12,5,271.4
A037,Annealed,38.24,896.92,5,294.62
A038,Annealed,42.03,908.05,3,278.93
A039,Annealed,51.18,895.38,4,281.38
A040,Annealed,54.43,906.69,2,274.76
A041,Annealed,51.03,890.96,2,260.69
A042,Annealed,49.31,904.24,3,274.31
A043,Annealed,48.19,911.53,5,281.57
A044,Annealed,41.13,880.23,1,282.92
A045,Annealed,45.68,893.62,3,263.55
A046,Annealed,47.24,904.62,3,289.27
A047,Annealed,56.34,898.38,4,274.46
A048,Annealed,52.06,902.97,2,279.33
A049,Annealed,39.42,895.17,3,284.29
A050,Annealed,51.94,900.69,3,280.03
A051,Annealed,47.69,898.75,5,292.49
A052,Annealed,45.94,909.34,5,276.0
A053,Annealed,53.67,902.04,1,286.74
A054,Annealed,56.19,902.7,4,276.17
A055,Annealed,55.59,896.7,1,267.68
A056,Annealed,44.96,896.1,5,297.51
A057,Annealed,48.14,896.54,2,282.01
A058,Annealed,51.99,903.16,5,281.02
A059,Annealed,55.85,896.63,4,271.71
A060,Annealed,47.12,902.32,5,274.55
A061,Annealed,48.89,916.6,4,279.84
A062,Annealed,43.36,906.97,4,294.59
A063,Annealed,42.82,897.39,4,281.88
A064,Annealed,54.88,909.61,4,274.06
A065,Annealed,58.14,896.74,4,282.33
A066,Annealed,49.57,883.7,2,276.02
A067,Annealed,56.02,891.94,1,277.05
A068,Annealed,52.17,885.03,3,282.29
A069,Annealed,46.13,897.19,1,279.6
A070,Annealed,52.17,900.15,4,278.32
A071,Annealed,59.23,913.41,2,276.09
A072,Annealed,49.79,902.62,5,275.14
A073,Annealed,59.39,898.25,2,277.08
A074,Annealed,34.28,906.64,4,290.11
A075,Annealed,54.93,882.31,2,269.48
A076,Annealed,50.52,901.88,2,266.69
A077,Annealed,48.21,906.17,4,275.69
A078,Annealed,50.55,888.17,2,271.65
A079,Annealed,38.07,909.15,3,286.33
A080,Annealed,48.68,902.71,3,283.11
A081,Annealed,52.14,896.68,2,264.09
A082,Annealed,58.87,905.06,5,257.86
A083,Annealed,46.89,918.17,4,275.08
A084,Annealed,45.15,901.45,3,285.08
A085,Annealed,46.99,901.99,5,282.26
A086,Annealed,55.49,896.33,2,268.48
A087,Annealed,51.97,893.2,5,284.48
A088,Annealed,46.82,906.64,1,275.77
A089,Annealed,53.08,893.15,3,278.73
A090,Annealed,50.58,900.57,2,274.79
A091,Annealed,55.81,896.18,4,267.54
A092,Annealed,45.79,903.83,2,277.05
A093,Annealed,48.03,902.67,4,284.5
A094,Annealed,47.65,908.3,2,282.21
A095,Annealed,41.22,895.92,5,292.44
A096,Annealed,51.78,897.84,5,278.96
A097,Annealed,51.57,892.17,5,265.31
A098,Annealed,50.03,896.45,1,292.56
A099,Annealed,48.59,903.02,4,281.53
A100,Annealed,41.51,906.06,5,288.97
A101,Annealed,47.48,892.62,1,277.18
A102,Annealed,47.94,906.96,4,287.22
A103,Annealed,45.19,910.85,2,274.17
A104,Annealed,49.03,903.31,1,282.81
A105,Annealed,52.42,915.01,3,261.4
A106,Annealed,61.32,893.81,1,274.98
A107,Annealed,51.05,890.04,1,269.42
A108,Annealed,51.55,885.77,4,278.55
A109,Annealed,49.55,911.97,2,287.63
A110,Annealed,38.49,905.23,3,294.41
A111,Annealed,49.84,899.56,5,286.48
A112,Annealed,50.36,902.24,5,285.35
A113,Annealed,64.78,891.0,1,264.67
A114,Annealed,48.85,919.57,4,282.88
A115,Annealed,51.81,901.03,4,264.34
A116,Annealed,49.79,900.88,5,273.14
A117,Annealed,42.99,905.81,3,293.63
A118,Annealed,56.86,903.85,2,270.25
A119,Annealed,54.51,901.79,3,261.42
A120,Annealed,54.75,893.68,2,288.43
A121,Annealed,44.54,903.77,5,286.34
A122,Annealed,58.42,915.06,2,277.31
A123,Annealed,41.59,910.76,4,278.42
A124,Annealed,53.52,912.75,1,277.17
A125,Annealed,63.14,895.91,1,271.02
A126,Annealed,44.06,892.08,5,277.11
A127,Annealed,46.6,898.99,4,279.38
A128,Annealed,50.6,900.45,3,266.82
A129,Annealed,46.98,908.75,4,277.82
A130,Annealed,40.7,886.46,1,293.03
A131,Annealed,50.41,912.24,1,272.24
A132,Annealed,43.63,898.74,4,296.62
A133,Annealed,52.84,896.58,4,265.61
A134,Annealed,44.48,891.9,1,280.64
A135,Annealed,59.3,886.76,3,266.83
A136,Annealed,45.3,906.59,5,280.46
A137,Annealed,48.07,900.59,5,288.93
A138,Annealed,54.88,889.68,4,267.35
A139,Annealed,42.61,889.64,5,281.09
A140,Annealed,51.36,897.31,1,281.32
A141,Annealed,57.84,913.35,1,272.97
A142,Annealed,40.36,897.92,4,287.81
A143,Annealed,51.11,887.97,4,270.18
A144,Annealed,51.56,898.03,4,276.1
A145,Annealed,54.69,897.82,3,282.29
A146,Annealed,42.58,878.42,5,273.02
A147,Annealed,42.08,899.57,4,279.91
A148,Annealed,53.13,898.15,2,262.75
A149,Annealed,51.78,905.57,2,280.19
A150,Annealed,51.5,914.79,1,285.22
A151,Annealed,52.08,909.01,5,274.93
A152,Annealed,45.92,897.85,4,274.13
A153,Annealed,51.39,891.15,2,269.89
A154,Annealed,51.76,920.59,5,274.37
A155,Annealed,45.71,900.47,1,279.24
A156,Annealed,61.19,900.11,3,276.69
A157,Annealed,52.84,899.81,5,270.98
A158,Annealed,42.85,901.58,5,287.06
A159,Annealed,53.94,898.85,3,272.75
A160,Annealed,44.15,895.41,5,277.56
A161,Annealed,54.72,895.63,1,272.04
A162,Annealed,56.95,899.74,1,275.24
A163,Annealed,45.08,895.65,3,288.32
A164,Annealed,55.78,894.3,4,271.88
A165,Annealed,52.48,900.85,2,267.5
A166,Annealed,54.93,897.96,4,281.21
A167,Annealed,61.38,912.03,5,263.91
A168,Annealed,48.53,878.79,2,280.78
A169,Annealed,45.48,908.73,3,281.38
A170,Annealed,44.66,909.97,3,281.19
A171,Annealed,45.11,883.41,2,278.48
A172,Annealed,49.54,897.26,1,282.49
A173,Annealed,52.05,897.03,2,251.16
A174,Annealed,51.66,888.74,5,284.48
A175,Annealed,54.96,893.78,1,267.8
A176,Annealed,50.08,891.12,3,280.58
A177,Annealed,58.72,914.02,2,274.26
A178,Annealed,48.41,907.49,4,287.97
A179,Annealed,66.32,910.17,4,268.92
A180,Annealed,53.75,905.77,5,269.21
A181,Annealed,44.86,890.97,4,270.89
A182,Annealed,43.57,895.8,2,280.88
A183,Annealed,52.89,903.91,2,261.92
A184,Annealed,48.66,890.22,4,274.45
A185,Annealed,54.28,905.7,2,272.6
A186,Annealed,52.84,898.08,5,270.83
A187,Annealed,49.56,897.0,1,278.42
A188,Annealed,44.92,905.69,5,280.41
A189,Annealed,40.91,903.55,5,283.7
A190,Annealed,47.32,897.11,2,262.98
A191,Annealed,55.14,909.27,1,265.01
A192,Annealed,51.28,891.35,2,281.3
A193,Annealed,42.53,904.93,3,289.97
A194,Annealed,51.04,904.74,2,264.11
A195,Annealed,52.31,897.52,2,270.34
A196,Annealed,44.7,902.61,2,289.77
A197,Annealed,50.92,889.99,1,272.05
A198,Annealed,50.35,907.39,2,276.73
A199,Annealed,43.14,898.52,1,293.83
A200,Annealed,52.15,895.82,4,273.63
A201,Annealed,53.36,908.39,3,271.76
A202,Annealed,56.5,894.37,1,272.07
A203,Annealed,56.32,888.73,4,286.26
A204,Annealed,41.73,887.55,1,288.26
A205,Annealed,44.37,904.85,1,282.7
A206,Annealed,53.09,889.76,3,271.81
A207,Annealed,53.08,914.04,5,279.26
A208,Annealed,53.09,883.34,5,280.1
A209,Annealed,73.12,913.57,1,256.81
A210,Annealed,53.43,901.69,2,280.05
A211,Annealed,56.81,899.23,4,271.91
A212,Annealed,55.72,895.64,2,273.85
A213,Annealed,53.91,903.19,2,268.72
A214,Annealed,48.11,899.7,1,276.5
A215,Annealed,54.55,908.83,1,267.25
A216,Annealed,45.36,900.91,1,274.11
A217,Annealed,48.58,901.2,1,281.55
A218,Annealed,47.09,897.09,5,277.67
A219,Annealed,50.49,899.54,1,268.3
A220,Annealed,63.89,902.46,5,284.05
A221,Annealed,38.8,886.32,5,280.43
A222,Annealed,54.12,889.21,1,282.41
A223,Annealed,40.32,905.95,3,276.28
A224,Annealed,47.17,901.37,4,283.28
A225,Annealed,56.53,898.53,2,271.4
A226,Annealed,50.39,900.15,5,273.08
A227,Annealed,43.53,902.78,4,284.74
A228,Annealed,45.71,895.68,3,281.79
A229,Annealed,54.08,893.77,2,269.1
A230,Annealed,45.62,901.57,2,275.43
A231,Annealed,51.3,892.17,5,265.77
A232,Annealed,50.27,903.27,1,279.71
A233,Annealed,46.09,886.38,3,272.24
A234,Annealed,62.86,908.23,5,269.4
A235,Annealed,53.8,903.78,3,279.13
A236,Annealed,37.85,902.05,1,290.86
A237,Annealed,51.12,907.86,1,271.86
A238,Annealed,46.03,913.32,5,287.43
A239,Annealed,55.11,908.11,1,271.23
A240,Annealed,45.24,885.27,4,272.43
A241,Annealed,49.31,889.76,2,276.34
A242,Annealed,53.03,895.0,5,279.63
A243,Annealed,55.19,900.21,3,269.31
A244,Annealed,42.8,904.14,4,290.22
A245,Annealed,47.99,894.19,5,274.0
A246,Annealed,47.15,901.49,1,275.66
A247,Annealed,46.08,893.96,1,273.7
A248,Annealed,60.59,895.11,1,275.44
A249,Annealed,52.43,888.75,1,275.59
A250,Annealed,42.43,892.61,3,277.57
A251,Annealed,55.51,889.19,4,271.05
A252,Annealed,62.73,892.19,2,247.94
A253,Annealed,56.19,908.43,3,278.82
A254,Annealed,40.88,892.4,3,284.82
A255,Annealed,47.09,921.06,2,263.3
A256,Annealed,57.6,903.95,2,262.27
A257,Annealed,45.75,901.48,1,278.36
A258,Annealed,52.66,893.13,3,266.59
A259,Annealed,54.65,905.6,5,279.95
A260,Annealed,44.44,895.39,2,285.44
A261,Annealed,49.64,900.98,2,280.58
A262,Annealed,30.55,920.48,4,281.27
A263,Annealed,43.85,899.23,5,279.38
A264,Annealed,48.48,909.19,5,274.1
A265,Annealed,42.51,894.37,2,277.67
A266,Annealed,59.79,899.72,1,268.22
A267,Annealed,41.42,914.17,4,277.58
A268,Annealed,47.36,894.98,5,281.43
A269,Annealed,50.78,914.5,2,282.54
A270,Annealed,58.65,905.66,5,276.58
A271,Annealed,41.38,895.5,4,284.53
A272,Annealed,56.98,905.06,4,286.86
A273,Annealed,50.06,907.78,3,285.71
A274,Annealed,44.11,904.97,2,282.1
A275,Annealed,52.77,887.44,4,272.33
A276,Annealed,51.19,894.18,3,286.24
A277,Annealed,46.4,898.02,3,287.8
A278,Annealed,50.42,899.4,5,267.59
A279,Annealed,47.69,904.97,5,287.25
A280,Annealed,50.68,901.42,3,276.18
A281,Annealed,53.97,889.32,5,268.84
A282,Annealed,59.52,903.04,4,257.44
A283,Annealed,42.57,904.88,1,282.41
A284,Annealed,62.8,904.48,4,269.32
A285,Annealed,38.29,908.65,3,300.0
A286,Annealed,49.09,906.67,3,285.2
A287,Annealed,53.53,903.67,4,271.09
A288,Annealed,51.69,899.44,5,279.23
A289,Annealed,46.26,886.71,5,286.65
A290,Annealed,48.75,903.44,3,279.37
A291,Annealed,47.04,901.66,2,276.08
A292,Annealed,46.46,902.17,5,276.96
A293,Annealed,55.1,889.79,4,276.79
A294,Annealed,52.14,891.35,5,279.06
A295,Annealed,45.84,908.43,4,279.18
A296,Annealed,55.4,899.68,3,255.56
A297,Annealed,51.84,905.45,5,267.35
A298,Annealed,54.88,900.23,4,278.58
A299,Annealed,53.78,900.24,3,260.08
A300,Annealed,45.03,907.51,2,290.25
A301,Annealed,46.64,895.87,4,287.79
A302,Annealed,54.48,900.77,2,274.8
A303,Annealed,53.66,896.3,2,279.27
A304,Annealed,49.87,896.52,1,281.58
A305,Annealed,50.7,897.53,5,276.42
A306,Annealed,57.67,901.78,4,262.81
A307,Annealed,46.45,896.17,2,287.47
A308,Annealed,53.28,910.05,1,285.2
A309,Annealed,48.79,892.84,3,270.28
A310,Annealed,48.69,898.51,4,268.94
A311,Annealed,56.59,896.48,2,272.15
A312,Annealed,54.95,911.58,5,269.81
A313,Annealed,54.88,901.57,1,275.26
A314,Annealed,57.83,908.25,2,280.78
A315,Annealed,50.13,888.12,5,261.96
A316,Annealed,54.09,902.14,2,285.85
A317,Annealed,48.14,907.12,4,276.42
A318,Annealed,51.94,900.66,4,279.89
A319,Annealed,49.22,908.52,4,282.73
A320,Annealed,50.58,895.86,1,282.48
A321,Annealed,53.57,911.27,4,275.58
A322,Annealed,45.09,918.39,5,283.98
A323,Annealed,62.55,897.1,2,271.56
A324,Annealed,43.96,896.44,3,278.54
A325,Annealed,42.71,911.63,5,271.85
A326,Annealed,56.95,912.64,5,264.35
A327,Annealed,54.75,895.82,4,273.6
A328,Annealed,53.74,896.64,1,269.52
A329,Annealed,53.77,897.75,2,269.51
A330,Annealed,49.93,889.24,1,290.43
A331,Annealed,44.62,892.65,2,288.35
A332,Annealed,50.45,891.97,2,275.67
A333,Annealed,45.94,893.86,1,285.85
A334,Annealed,55.85,899.72,5,270.65
A335,Annealed,49.12,901.87,2,279.25
A336,Annealed,45.05,912.4,1,285.04
A337,Annealed,48.07,892.01,2,276.4
A338,Annealed,52.48,907.87,3,271.13
A339,Annealed,46.62,898.29,5,289.12
A340,Annealed,45.07,899.6,4,286.23
A341,Annealed,51.46,905.4,2,260.89
A342,Annealed,51.47,891.02,3,271.99
A343,Annealed,46.96,903.06,4,274.79
A344,Annealed,47.17,901.33,4,275.73
A345,Annealed,51.39,903.94,2,282.76
A346,Annealed,41.31,902.31,1,285.71
A347,Annealed,41.56,919.64,2,275.59
A348,Annealed,45.69,894.9,3,278.69
A349,Annealed,48.72,895.75,4,282.59
A350,Annealed,51.87,895.01,2,274.83
A351,Annealed,58.85,895.56,1,267.18
A352,Annealed,55.15,894.9,2,276.38
A353,Annealed,49.04,909.51,5,289.87
A354,Annealed,49.89,911.36,1,281.1
A355,Annealed,43.98,895.43,3,292.04
A356,Annealed,49.89,893.34,4,273.82
A357,Annealed,48.27,903.77,2,279.11
A358,Annealed,51.94,895.58,1,276.12
A359,Annealed,45.04,905.06,5,282.79
A360,Annealed,53.12,901.62,1,278.55
A361,Annealed,59.2,887.87,5,265.05
A362,Annealed,49.35,912.38,3,282.83
A363,Annealed,52.41,914.37,4,264.58
A364,Annealed,54.14,895.1,3,265.4
A365,Annealed,47.59,896.9,2,294.67
A366,Annealed,51.34,902.29,1,273.19
A367,Annealed,50.08,902.68,5,282.83
A368,Annealed,50.59,905.27,5,289.22
A369,Annealed,45.36,916.08,1,265.46
A370,Annealed,50.15,898.58,1,285.55
A371,Annealed,52.99,893.61,2,280.1
A372,Annealed,58.71,888.97,3,283.27
A373,Annealed,55.76,894.15,5,265.39
A374,Annealed,62.92,899.73,2,279.5
A375,Annealed,45.4,914.36,3,276.45
A376,Annealed,55.23,895.86,2,281.39
A377,Annealed,51.1,901.79,5,276.69
A378,Annealed,63.14,899.87,1,274.61
A379,Annealed,45.15,909.51,1,282.19
A380,Annealed,44.96,920.22,3,269.15
A381,Annealed,46.4,895.75,4,258.9
A382,Annealed,37.26,896.08,3,291.58
A383,Annealed,46.85,908.35,4,278.51
A384,Annealed,45.45,905.46,2,284.37
A385,Annealed,50.9,914.77,2,275.32
A386,Annealed,52.05,904.67,5,290.36
A387,Annealed,61.26,897.13,4,271.89
A388,Annealed,55.7,904.73,5,270.56
A389,Annealed,46.54,908.87,1,282.98
A390,Annealed,44.61,906.56,4,279.35
A391,Annealed,52.95,904.06,3,276.23
A392,Annealed,42.08,908.53,1,276.27
A393,Annealed,60.99,909.35,1,270.37
A394,Annealed,57.08,911.06,3,269.46
A395,Annealed,47.18,905.19,1,272.21
A396,Annealed,39.72,898.66,4,301.1
A397,Annealed,58.12,901.17,5,264.56
A398,Annealed,49.31,909.65,1,278.37
A399,Annealed,57.43,893.46,4,266.96
A400,Annealed,40.43,902.95,2,288.57
A401,Annealed,46.4,896.85,4,271.82
A402,Annealed,50.03,900.23,5,283.64
A403,Annealed,50.28,910.23,4,291.82
A404,Annealed,47.3,901.53,3,274.09
A405,Annealed,53.74,900.37,5,283.55
A406,Annealed,43.59,889.12,2,280.63
A407,Annealed,49.15,905.97,3,289.0
A408,Annealed,50.72,905.16,4,292.55
A409,Annealed,53.09,917.31,5,273.85
A410,Annealed,54.27,897.54,2,264.02
A411,Annealed,43.25,901.75,3,290.27
A412,Annealed,40.8,902.0,2,287.68
A413,Annealed,57.67,912.62,4,275.94
A414,Annealed,51.99,899.24,2,273.9
A415,Annealed,45.51,902.23,1,275.34
A416,Annealed,59.31,904.86,3,279.54
A417,Annealed,50.69,901.49,2,279.49
A418,Annealed,57.08,896.43,4,262.7
A419,Annealed,50.41,901.55,4,282.28
A420,Annealed,62.36,908.59,2,273.05
A421,Annealed,60.53,891.79,4,268.41
A422,Annealed,48.51,901.06,5,290.31
A423,Annealed,55.83,894.4,5,269.28
A424,Annealed,53.87,909.56,5,273.75
A425,Annealed,58.21,887.81,1,277.47
A426,Annealed,44.21,895.53,2,283.26
A427,Annealed,54.12,903.02,1,265.07
A428,Annealed,56.35,912.52,4,274.55
A429,Annealed,39.45,899.47,1,284.67
A430,Annealed,42.9,895.56,4,289.97
A431,Annealed,37.76,915.05,4,290.56
A432,Annealed,48.38,888.42,3,279.73
A433,Annealed,54.31,882.41,5,267.3
A434,Annealed,59.01,903.52,4,269.99
A435,Annealed,50.44,895.98,3,284.23
A436,Annealed,59.77,891.83,5,265.7
A437,Annealed,41.72,905.67,4,284.92
A438,Annealed,39.78,901.95,4,280.65
A439,Annealed,49.67,895.49,1,269.76
A440,Annealed,52.3,889.76,1,275.46
A441,Annealed,49.8,906.98,5,279.15
A442,Annealed,37.6,905.2,4,303.66
A443,Annealed,49.47,899.21,2,275.01
A444,Annealed,42.17,914.77,1,284.34
A445,Annealed,54.02,891.44,5,266.08
A446,Annealed,52.2,887.8,4,280.41
A447,Annealed,44.36,894.46,4,285.36
A448,Annealed,46.92,899.64,2,290.72
A449,Annealed,43.64,901.95,5,291.03
A450,Annealed,49.62,898.07,4,280.54
A451,Annealed,55.73,902.82,1,270.38
A452,Annealed,44.09,889.99,2,284.27
A453,Annealed,53.02,911.55,5,274.75
A454,Annealed,46.82,899.34,2,287.05
A455,Annealed,45.24,908.94,1,287.55
A456,Annealed,49.36,902.74,5,276.21
A457,Annealed,43.79,903.65,2,272.88
A458,Annealed,46.68,904.56,3,289.84
A459,Annealed,42.81,903.58,1,288.13
A460,Annealed,61.79,905.14,1,267.73
A461,Annealed,50.21,910.63,1,281.42
A462,Annealed,45.8,901.57,3,281.79
A463,Annealed,51.28,905.67,3,286.03
A464,Annealed,49.33,899.28,4,264.8
A465,Annealed,48.67,911.52,2,276.05
A466,Annealed,53.69,894.59,4,286.26
A467,Annealed,54.55,914.41,2,278.41
A468,Annealed,46.82,899.68,3,292.79
A469,Annealed,46.55,888.55,3,272.06
A470,Annealed,48.35,901.02,4,286.6
A471,Annealed,36.19,894.55,5,298.51
A472,Annealed,40.91,906.73,4,274.22
A473,Annealed,58.2,894.78,2,270.03
A474,Annealed,59.87,896.43,4,270.34
A475,Annealed,48.51,884.88,1,267.63
A476,Annealed,53.46,896.38,2,273.3
A477,Annealed,51.87,880.61,2,282.48
A478,Annealed,68.47,887.33,5,263.73
A479,Annealed,56.72,906.08,3,274.73
A480,Annealed,49.23,906.29,2,280.13
A481,Annealed,44.27,903.4,3,282.58
A482,Annealed,40.36,892.26,4,281.64
A483,Annealed,51.22,899.62,1,281.46
A484,Annealed,45.46,899.97,5,270.46
A485,Annealed,41.47,890.73,3,285.47
A486,Annealed,46.12,912.03,2,290.69
A487,Annealed,43.51,907.02,3,280.25
A488,Annealed,60.12,898.23,2,265.84
A489,Annealed,55.29,900.22,3,279.05
A490,Annealed,49.95,901.67,2,278.96
A491,Annealed,58.88,883.67,4,276.9
A492,Annealed,50.46,898.02,2,277.69
A493,Annealed,44.83,894.54,2,265.42
A494,Annealed,59.14,891.99,1,279.78
A495,Annealed,53.23,897.75,2,289.87
A496,Annealed,43.78,914.38,1,292.12
A497,Annealed,48.86,905.13,5,253.91
A498,Annealed,44.75,895.43,1,285.38
A499,Annealed,41.7,904.58,4,281.9
Q000,Quenched,12.44,1038.02,1,348.34
Q001,Quenched,15.75,1060.29,1,339.43
Q002,Quenched,15.72,1056.88,4,337.69
Q003,Quenched,14.71,1054.2,5,346.96
Q004,Quenched,16.28,1046.23,1,336.73
Q005,Quenched,17.49,1055.76,1,323.65
Q006,Quenched,14.85,1060.76,3,338.69
Q007,Quenched,12.37,1055.92,2,351.21
Q008,Quenched,11.05,1043.3,4,353.46
Q009,Quenched,15.09,1052.67,4,331.98
Q010,Quenched,15.6,1061.32,2,337.75
Q011,Quenched,12.58,1071.99,1,365.06
Q012,Quenched,16.81,1047.95,3,330.38
Q013,Quenched,13.85,1058.58,3,342.47
Q014,Quenched,10.86,1061.34,4,358.64
Q015,Quenched,18.14,1041.88,3,329.34
Q016,Quenched,17.86,1067.82,2,338.4
Q017,Quenched,9.96,1039.35,1,388.28
Q018,Quenched,13.59,1058.09,2,351.17
Q019,Quenched,13.5,1053.05,5,350.69
Q020,Quenched,19.1,1050.56,4,322.05
Q021,Quenched,14.75,1075.47,3,340.56
Q022,Quenched,11.26,1046.99,5,368.31
Q023,Quenched,17.21,1046.83,3,330.39
Q024,Quenched,11.92,1063.31,1,358.15
Q025,Quenched,14.35,1057.62,1,345.02
Q026,Quenched,13.08,1062.82,1,347.97
Q027,Quenched,13.6,1051.17,3,348.62
Q028,Quenched,17.34,1053.17,5,317.93
Q029,Quenched,18.8,1069.01,1,330.68
Q030,Quenched,11.81,1041.64,5,376.48
Q031,Quenched,16.57,1048.97,3,331.27
Q032,Quenched,13.17,1057.98,5,354.18
Q033,Quenched,13.25,1048.04,3,357.08
Q034,Quenched,16.23,1044.3,3,345.5
Q035,Quenched,12.43,1056.18,4,354.15
Q036,Quenched,16.18,1063.36,3,324.12
Q037,Quenched,16.83,1048.59,3,335.96
Q038,Quenched,13.92,1048.31,2,348.32
Q039,Quenched,18.32,1043.52,1,326.09
Q040,Quenched,11.82,1047.04,4,359.06
Q041,Quenched,18.36,1060.84,4,329.35
Q042,Quenched,10.14,1050.81,4,375.25
Q043,Quenched,21.75,1041.95,2,320.17
Q044,Quenched,13.98,1052.62,3,345.55
Q045,Quenched,12.09,1060.51,1,360.84
Q046,Quenched,14.42,1044.38,5,342.85
Q047,Quenched,12.38,1036.71,3,360.79
Q048,Quenched,15.97,1071.91,2,333.25
Q049,Quenched,18.42,1036.21,3,328.66
Q050,Quenched,12.52,1046.41,3,344.1
Q051,Quenched,16.45,1052.32,2,333.02
Q052,Quenched,11.17,1047.28,4,368.55
Q053,Quenched,17.58,1049.25,4,323.93
Q054,Quenched,16.04,1055.77,1,335.09
Q055,Quenched,17.69,1026.08,1,313.93
Q056,Quenched,14.69,1037.33,4,333.9
Q057,Quenched,13.91,1050.44,5,339.71
Q058,Quenched,17.04,1045.96,3,333.95
Q059,Quenched,11.73,1051.29,5,362.92
Q060,Quenched,10.64,1052.28,3,368.2
Q061,Quenched,14.99,1028.84,4,339.39
Q062,Quenched,14.03,1062.74,1,344.2
Q063,Quenched,16.38,1045.02,1,340.89
Q064,Quenched,17.73,1041.34,5,332.11
Q065,Quenched,16.33,1052.08,1,333.76
Q066,Quenched,17.53,1051.07,4,340.42
Q067,Quenched,15.8,1061.97,5,352.01
Q068,Quenched,16.24,1052.72,3,327.77
Q069,Quenched,14.71,1061.58,1,347.07
Q070,Quenched,16.16,1040.62,2,358.44
Q071,Quenched,15.42,1051.42,1,342.04
Q072,Quenched,15.81,1038.85,3,339.12
Q073,Quenched,14.58,1050.98,5,343.63
Q074,Quenched,17.02,1048.86,3,336.74
Q075,Quenched,13.22,1048.43,2,356.53
Q076,Quenched,14.95,1048.51,4,333.51
Q077,Quenched,18.28,1057.36,1,328.46
Q078,Quenched,12.63,1033.93,5,338.89
Q079,Quenched,9.6,1041.0,4,376.09
Q080,Quenched,15.92,1049.59,3,331.54
Q081,Quenched,14.36,1038.21,5,347.53
Q082,Quenched,17.53,1050.46,4,319.78
Q083,Quenched,14.67,1049.49,5,339.99
Q084,Quenched,13.49,1035.96,2,356.52
Q085,Quenched,14.81,1035.47,2,338.18
Q086,Quenched,17.73,1023.76,1,317.28
Q087,Quenched,16.44,1037.79,1,337.46
Q088,Quenched,8.92,1050.14,2,380.1
Q089,Quenched,15.46,1051.56,5,338.56
Q090,Quenched,15.59,1052.02,2,334.19
Q091,Quenched,14.95,1042.22,1,356.05
Q092,Quenched,13.47,1049.82,2,338.94
Q093,Quenched,17.99,1053.97,2,349.52
Q094,Quenched,18.11,1037.32,5,326.51
Q095,Quenched,9.49,1051.23,4,379.8
Q096,Quenched,13.01,1056.56,1,348.49
Q097,Quenched,14.64,1045.09,5,339.44
Q098,Quenched,17.37,1060.62,2,326.47
Q099,Quenched,15.09,1045.33,2,345.81
Q100,Quenched,13.29,1041.4,4,340.99
Q101,Quenched,16.77,1055.57,1,336.84
Q102,Quenched,14.47,1070.33,1,329.29
Q103,Quenched,14.71,1050.85,3,345.33
Q104,Quenched,14.93,1056.35,1,348.28
Q105,Quenched,16.44,1044.91,4,326.74
Q106,Quenched,14.23,1037.58,3,350.56
Q107,Quenched,16.72,1051.66,3,334.88
Q108,Quenched,14.82,1053.24,2,354.07
Q109,Quenched,12.33,1046.42,2,350.63
Q110,Quenched,14.91,1056.31,1,362.16
Q111,Quenched,12.46,1043.46,3,339.07
Q112,Quenched,15.1,1040.98,2,339.22
Q113,Quenched,17.07,1060.61,4,321.22
Q114,Quenched,12.32,1060.65,2,369.68
Q115,Quenched,15.91,1043.66,2,336.05
Q116,Quenched,12.93,1067.19,3,351.77
Q117,Quenched,15.5,1047.13,3,342.78
Q118,Quenched,17.15,1050.85,5,332.77
Q119,Quenched,9.68,1049.15,4,372.65
Q120,Quenched,12.21,1055.24,3,348.58
Q121,Quenched,14.08,1052.71,1,347.77
Q122,Quenched,15.79,1052.58,4,341.07
Q123,Quenched,14.58,1039.8,4,348.89
Q124,Quenched,14.89,1033.11,3,355.94
Q125,Quenched,20.11,1061.42,4,307.44
Q126,Quenched,11.97,1044.55,3,358.5
Q127,Quenched,17.84,1049.51,2,338.56
Q128,Quenched,14.13,1053.27,5,345.47
Q129,Quenched,16.37,1066.29,2,319.55
Q130,Quenched,20.32,1051.61,3,312.97
Q131,Quenched,16.72,1046.05,3,336.8
Q132,Quenched,15.93,1044.76,2,339.84
Q133,Quenched,19.0,1049.63,1,330.89
Q134,Quenched,17.81,1040.91,1,324.85
Q135,Quenched,13.0,1050.29,1,354.35
Q136,Quenched,15.74,1049.48,3,332.03
Q137,Quenched,10.71,1066.42,4,369.91
Q138,Quenched,13.65,1049.16,3,349.24
Q139,Quenched,15.79,1030.76,4,332.69
Q140,Quenched,13.49,1076.74,2,360.63
Q141,Quenched,15.68,1059.57,5,326.94
Q142,Quenched,14.97,1070.82,4,341.18
Q143,Quenched,16.34,1038.43,1,330.16
Q144,Quenched,13.94,1047.78,3,360.15
Q145,Quenched,12.65,1056.74,2,358.83
Q146,Quenched,18.7,1055.36,1,322.66
Q147,Quenched,13.76,1053.07,2,346.31
Q148,Quenched,16.65,1028.0,5,347.82
Q149,Quenched,18.59,1032.88,3,320.95
Q150,Quenched,15.41,1065.18,3,327.77
Q151,Quenched,12.86,1066.95,5,355.41
Q152,Quenched,14.55,1048.93,3,346.37
Q153,Quenched,17.54,1063.9,4,335.97
Q154,Quenched,15.52,1039.77,2,344.34
Q155,Quenched,11.99,1042.06,1,371.25
Q156,Quenched,16.49,1038.98,5,323.41
Q157,Quenched,16.92,1041.5,4,325.27
Q158,Quenched,14.11,1057.23,1,351.05
Q159,Quenched,16.53,1041.38,1,327.56
Q160,Quenched,15.61,1072.4,5,329.0
Q161,Quenched,14.51,1054.6,4,357.47
Q162,Quenched,11.77,1060.85,1,349.0
Q163,Quenched,17.69,1054.9,1,328.29
Q164,Quenched,16.9,1062.14,4,333.38
Q165,Quenched,16.46,1041.32,3,344.73
Q166,Quenched,18.86,1064.47,1,313.56
Q167,Quenched,17.36,1051.41,2,334.9
Q168,Quenched,16.72,1062.09,4,328.29
Q169,Quenched,9.47,1035.6,1,383.15
Q170,Quenched,17.99,1051.81,5,323.32
Q171,Quenched,15.21,1051.45,2,352.04
Q172,Quenched,15.78,1043.81,1,332.14
Q173,Quenched,15.8,1053.13,2,321.14
Q174,Quenched,16.93,1065.4,2,328.13
Q175,Quenched,17.81,1043.04,3,328.51
Q176,Quenched,16.59,1059.62,2,342.63
Q177,Quenched,16.19,1038.73,3,327.89
Q178,Quenched,15.58,1071.09,4,330.68
Q179,Quenched,6.62,1057.85,3,420.47
Q180,Quenched,14.28,1067.25,5,335.91
Q181,Quenched,12.65,1056.72,1,353.41
Q182,Quenched,18.03,1053.91,4,328.43
Q183,Quenched,16.55,1057.93,4,336.73
Q184,Quenched,13.85,1048.64,5,342.51
Q185,Quenched,14.11,1033.82,3,339.95
Q186,Quenched,14.02,1054.47,1,349.26
Q187,Quenched,13.97,1042.44,3,340.88
Q188,Quenched,11.39,1038.98,2,353.46
Q189,Quenched,10.85,1056.36,3,375.59
Q190,Quenched,15.07,1047.21,4,345.08
Q191,Quenched,17.69,1060.28,1,343.15
Q192,Quenched,13.66,1042.11,3,354.32
Q193,Quenched,15.76,1045.29,1,329.67
Q194,Quenched,16.84,1061.5,1,334.72
Q195,Quenched,12.52,1052.8,2,348.35
Q196,Quenched,14.95,1035.23,2,330.69
Q197,Quenched,13.33,1052.58,4,347.49
Q198,Quenched,19.02,1064.81,5,333.0
Q199,Quenched,18.91,1045.21,1,328.42
Q200,Quenched,12.52,1055.98,5,345.71
Q201,Quenched,15.96,1041.51,4,334.28
Q202,Quenched,17.67,1048.63,1,329.84
Q203,Quenched,17.12,1060.9,1,321.1
Q204,Quenched,15.2,1052.19,5,346.05
Q205,Quenched,18.27,1062.89,3,327.09
Q206,Quenched,12.74,1054.25,2,344.36
Q207,Quenched,14.24,1072.19,3,335.61
Q208,Quenched,12.81,1034.35,5,361.4
Q209,Quenched,16.96,1047.83,2,330.9
Q210,Quenched,13.54,1039.15,3,357.78
Q211,Quenched,14.57,1039.84,2,355.09
Q212,Quenched,16.54,1039.93,1,342.38
Q213,Quenched,16.75,1051.68,3,330.67
Q214,Quenched,12.73,1052.26,2,336.65
Q215,Quenched,17.64,1054.27,2,333.14
Q216,Quenched,16.14,1038.77,2,351.55
Q217,Quenched,12.3,1046.76,3,356.6
Q218,Quenched,11.68,1040.36,4,347.0
Q219,Quenched,14.96,1059.36,3,337.47
Q220,Quenched,17.13,1041.3,5,331.62
Q221,Quenched,17.19,1047.86,3,324.97
Q222,Quenched,15.89,1055.6,2,320.03
Q223,Quenched,15.12,1043.84,1,340.75
Q224,Quenched,16.28,1056.94,3,330.82
Q225,Quenched,12.86,1065.96,3,365.77
Q226,Quenched,19.22,1051.9,2,326.17
Q227,Quenched,19.18,1059.02,1,328.86
Q228,Quenched,16.07,1029.27,1,336.36
Q229,Quenched,15.49,1045.71,5,340.39
Q230,Quenched,13.97,1051.85,3,335.58
Q231,Quenched,16.32,1039.47,1,328.86
Q232,Quenched,13.27,1052.08,1,358.59
Q233,Quenched,9.44,1060.6,4,380.47
Q234,Quenched,8.21,1031.2,4,389.11
Q235,Quenched,13.0,1038.11,1,355.94
Q236,Quenched,15.39,1051.85,5,343.74
Q237,Quenched,15.83,1054.6,1,352.17
Q238,Quenched,13.78,1057.38,2,349.29
Q239,Quenched,15.35,1051.11,3,332.92
Q240,Quenched,14.31,1054.62,5,344.56
Q241,Quenched,12.5,1059.03,2,359.81
Q242,Quenched,14.87,1045.86,5,349.62
Q243,Quenched,17.03,1043.91,2,321.96
Q244,Quenched,12.61,1048.31,3,356.63
Q245,Quenched,12.62,1051.99,3,348.57
Q246,Quenched,12.33,1043.42,4,352.69
Q247,Quenched,10.16,1046.06,2,378.48
Q248,Quenched,13.8,1053.98,4,353.28
Q249,Quenched,16.79,1051.58,2,329.5
Q250,Quenched,35.61,1048.15,4,291.06
Q251,Quenched,34.41,1032.59,3,290.01
Q252,Quenched,35.45,1049.96,5,312.61
Q253,Quenched,33.29,1040.3,4,297.28
Q254,Quenched,28.18,1059.83,2,297.73
Q255,Quenched,37.74,1046.91,2,298.78
Q256,Quenched,38.75,1040.04,3,297.86
Q257,Quenched,32.45,1049.38,2,309.09
Q258,Quenched,34.47,1062.71,1,308.29
Q259,Quenched,34.17,1056.31,5,299.04
Q260,Quenched,36.23,1052.2,4,288.93
Q261,Quenched,40.91,1036.74,5,284.57
Q262,Quenched,39.06,1066.22,3,285.96
Q263,Quenched,33.68,1043.78,4,291.94
Q264,Quenched,36.9,1059.34,4,299.22
Q265,Quenched,39.39,1046.75,1,287.64
Q266,Quenched,36.43,1058.38,3,297.93
Q267,Quenched,34.98,1063.07,2,297.72
Q268,Quenched,36.56,1056.48,1,283.27
Q269,Quenched,32.54,1057.56,1,284.4
Q270,Quenched,33.05,1049.02,5,287.01
Q271,Quenched,31.28,1045.66,5,295.36
Q272,Quenched,36.07,1051.38,5,292.51
Q273,Quenched,34.54,1046.6,1,289.05
Q274,Quenched,32.12,1074.67,2,301.97
Q275,Quenched,34.43,1040.08,4,290.05
Q276,Quenched,36.64,1060.02,5,292.66
Q277,Quenched,41.7,1055.17,2,285.99
Q278,Quenched,38.54,1052.3,3,300.73
Q279,Quenched,27.01,1064.8,5,299.01
Q280,Quenched,35.84,1052.98,4,307.33
Q281,Quenched,40.0,1043.65,3,282.8
Q282,Quenched,30.32,1052.92,3,290.51
Q283,Quenched,36.93,1048.17,4,288.99
Q284,Quenched,34.17,1055.03,5,316.77
Q285,Quenched,39.03,1058.13,1,294.31
Q286,Quenched,36.41,1041.41,4,295.36
Q287,Quenched,31.91,1061.95,4,302.94
Q288,Quenched,34.3,1047.45,4,288.53
Q289,Quenched,34.5,1054.44,3,295.92
Q290,Quenched,34.57,1056.17,2,293.56
Q291,Quenched,38.92,1053.67,1,300.83
Q292,Quenched,32.05,1048.91,5,296.39
Q293,Quenched,38.51,1045.11,5,285.98
Q294,Quenched,33.94,1047.31,2,286.25
Q295,Quenched,35.78,1065.65,4,292.93
Q296,Quenched,35.25,1041.34,1,294.68
Q297,Quenched,34.92,1042.81,5,284.66
Q298,Quenched,34.95,1042.37,5,296.2
Q299,Quenched,40.1,1051.36,4,288.49
Q300,Quenched,37.95,1034.75,2,296.38
Q301,Quenched,33.73,1036.46,1,303.19
Q302,Quenched,40.54,1047.39,2,287.04
Q303,Quenched,35.96,1037.12,2,284.46
Q304,Quenched,36.25,1037.94,1,285.53
Q305,Quenched,32.07,1037.2,1,309.46
Q306,Quenched,33.26,1041.53,5,296.53
Q307,Quenched,32.59,1057.31,5,308.57
Q308,Quenched,35.3,1059.56,1,296.06
Q309,Quenched,37.24,1069.19,3,295.41
Q310,Quenched,36.29,1068.82,5,297.88
Q311,Quenched,40.56,1057.86,3,277.8
Q312,Quenched,31.89,1060.28,1,299.54
Q313,Quenched,35.4,1051.31,5,283.78
Q314,Quenched,30.51,1055.2,2,297.58
Q315,Quenched,31.77,1069.44,1,302.05
Q316,Quenched,39.43,1053.71,4,280.42
Q317,Quenched,33.38,1061.53,3,299.11
Q318,Quenched,32.19,1040.66,1,286.45
Q319,Quenched,27.55,1043.34,1,312.8
Q320,Quenched,32.15,1053.12,5,292.34
Q321,Quenched,34.28,1051.5,5,286.75
Q322,Quenched,30.25,1043.8,5,289.95
Q323,Quenched,34.08,1074.07,4,290.16
Q324,Quenched,39.45,1051.73,5,274.22
Q325,Quenched,32.52,1045.57,1,292.6
Q326,Quenched,31.7,1051.52,5,305.39
Q327,Quenched,31.07,1050.25,2,297.36
Q328,Quenched,31.0,1051.88,5,290.53
Q329,Quenched,36.87,1034.06,4,292.16
Q330,Quenched,35.17,1062.92,2,293.71
Q331,Quenched,38.35,1063.49,1,302.51
Q332,Quenched,42.07,1064.7,1,290.33
Q333,Quenched,28.59,1053.25,3,304.99
Q334,Quenched,36.33,1056.62,2,297.58
Q335,Quenched,31.08,1041.34,3,297.71
Q336,Quenched,37.76,1058.33,2,288.98
Q337,Quenched,34.05,1052.52,2,305.87
Q338,Quenched,35.1,1045.4,4,281.39
Q339,Quenched,30.51,1058.65,3,306.35
Q340,Quenched,33.51,1059.03,4,294.24
Q341,Quenched,35.31,1050.61,2,290.51
Q342,Quenched,39.75,1054.38,1,283.37
Q343,Quenched,32.22,1039.68,2,297.97
Q344,Quenched,33.07,1062.43,4,295.33
Q345,Quenched,38.31,1041.01,3,285.96
Q346,Quenched,31.99,1042.95,3,292.32
Q347,Quenched,39.0,1050.62,4,274.74
Q348,Quenched,34.97,1061.15,3,287.94
Q349,Quenched,36.06,1061.14,5,288.0
Q350,Quenched,36.29,1049.95,1,292.36
Q351,Quenched,32.84,1057.73,1,309.71
Q352,Quenched,36.36,1033.11,1,286.89
Q353,Quenched,32.3,1042.81,3,289.61
Q354,Quenched,33.24,1043.01,3,290.39
Q355,Quenched,36.96,1062.52,2,291.55
Q356,Quenched,36.03,1056.55,2,295.75
Q357,Quenched,34.74,1051.85,1,298.42
Q358,Quenched,30.59,1052.82,5,305.23
Q359,Quenched,31.47,1065.68,2,304.83
Q360,Quenched,35.97,1048.3,2,289.75
Q361,Quenched,37.56,1036.86,3,304.11
Q362,Quenched,31.12,1060.87,5,296.11
Q363,Quenched,32.06,1051.82,1,297.9
Q364,Quenched,35.47,1059.54,2,301.42
Q365,Quenched,35.39,1049.55,5,296.41
Q366,Quenched,29.32,1041.61,5,285.89
Q367,Quenched,35.57,1054.03,1,292.26
Q368,Quenched,32.91,1050.1,5,301.91
Q369,Quenched,40.74,1051.85,5,276.76
Q370,Quenched,35.87,1066.17,5,297.08
Q371,Quenched,36.48,1039.01,2,293.8
Q372,Quenched,36.57,1052.86,1,299.24
Q373,Quenched,30.75,1041.81,5,294.34
Q374,Quenched,41.8,1024.09,5,292.04
Q375,Quenched,29.32,1049.51,2,302.69
Q376,Quenched,37.78,1050.31,1,301.84
Q377,Quenched,37.17,1056.24,3,309.72
Q378,Quenched,33.33,1047.82,2,306.04
Q379,Quenched,37.33,1035.11,1,293.38
Q380,Quenched,33.89,1041.78,5,310.73
Q381,Quenched,32.64,1063.17,1,300.5
Q382,Quenched,36.64,1041.63,1,284.5
Q383,Quenched,31.48,1065.83,1,297.76
Q384,Quenched,34.22,1060.5,3,299.36
Q385,Quenched,32.92,1046.82,1,301.64
Q386,Quenched,33.82,1042.71,3,286.69
Q387,Quenched,36.51,1060.48,5,283.36
Q388,Quenched,32.92,1047.59,3,293.47
Q389,Quenched,34.33,1034.54,5,297.62
Q390,Quenched,33.24,1055.62,5,300.04
Q391,Quenched,40.05,1054.17,3,287.89
Q392,Quenched,36.2,1061.38,2,285.57
Q393,Quenched,35.77,1053.5,4,304.12
Q394,Quenched,37.39,1044.51,1,282.44
Q395,Quenched,32.92,1062.7,4,304.97
Q396,Quenched,38.01,1063.67,1,294.38
Q397,Quenched,36.21,1052.33,1,300.36
Q398,Quenched,29.54,1050.6,5,298.09
Q399,Quenched,30.0,1036.77,1,299.41
Q400,Quenched,33.0,1043.92,1,296.13
Q401,Quenched,30.38,1057.61,3,296.46
Q402,Quenched,34.17,1044.43,4,295.67
Q403,Quenched,31.45,1035.43,3,309.12
Q404,Quenched,34.66,1084.96,1,284.35
Q405,Quenched,39.94,1035.37,5,282.43
Q406,Quenched,34.83,1072.57,3,287.84
Q407,Quenched,33.94,1046.93,3,293.75
Q408,Quenched,36.36,1049.15,2,290.26
Q409,Quenched,32.56,1043.28,1,301.79
Q410,Quenched,37.95,1057.83,5,289.51
Q411,Quenched,36.73,1035.6,3,292.87
Q412,Quenched,35.14,1031.6,3,295.58
Q413,Quenched,35.54,1066.1,5,293.98
Q414,Quenched,42.15,1041.96,1,289.64
Q415,Quenched,38.3,1057.46,2,288.02
Q416,Quenched,42.7,1039.15,3,295.69
Q417,Quenched,36.86,1057.08,2,308.38
Q418,Quenched,29.85,1066.84,4,305.61
Q419,Quenched,34.08,1044.73,1,295.81
Q420,Quenched,29.05,1030.67,4,306.42
Q421,Quenched,36.85,1066.89,4,282.9
Q422,Quenched,37.61,1059.26,4,290.95
Q423,Quenched,31.9,1045.26,1,292.26
Q424,Quenched,32.71,1047.82,1,299.74
Q425,Quenched,35.52,1038.89,5,287.2
Q426,Quenched,30.81,1064.2,2,296.68
Q427,Quenched,30.54,1044.65,2,286.41
Q428,Quenched,39.34,1035.81,5,279.48
Q429,Quenched,35.4,1052.14,5,294.92
Q430,Quenched,33.05,1041.4,4,289.59
Q431,Quenched,29.08,1039.7,5,309.44
Q432,Quenched,37.98,1045.7,3,282.56
Q433,Quenched,32.6,1050.86,2,299.49
Q434,Quenched,41.51,1036.19,5,280.03
Q435,Quenched,38.01,1063.85,3,291.91
Q436,Quenched,32.17,1056.77,3,286.22
Q437,Quenched,32.5,1046.35,3,293.31
Q438,Quenched,41.03,1040.97,3,279.94
Q439,Quenched,34.71,1049.11,4,299.54
Q440,Quenched,33.2,1058.99,3,298.68
Q441,Quenched,35.1,1057.45,4,284.21
Q442,Quenched,33.19,1060.59,4,294.05
Q443,Quenched,35.84,1045.2,3,286.46
Q444,Quenched,34.73,1020.75,2,299.97
Q445,Quenched,38.06,1062.48,3,298.05
Q446,Quenched,33.64,1048.33,3,284.74
Q447,Quenched,31.9,1056.66,3,303.16
Q448,Quenched,33.78,1066.69,2,288.87
Q449,Quenched,33.76,1074.34,1,292.89
Q450,Quenched,34.73,1043.5,1,293.56
Q451,Quenched,37.22,1051.34,4,302.87
Q452,Quenched,37.03,1063.67,4,283.36
Q453,Quenched,39.2,1041.56,2,293.69
Q454,Quenched,32.16,1044.18,5,288.78
Q455,Quenched,36.36,1044.12,1,282.53
Q456,Quenched,37.55,1049.72,4,289.96
Q457,Quenched,32.64,1047.8,1,296.42
Q458,Quenched,34.27,1044.06,2,274.12
Q459,Quenched,28.88,1040.34,2,310.47
Q460,Quenched,38.17,1058.12,5,274.04
Q461,Quenched,34.25,1063.38,5,292.96
Q462,Quenched,37.82,1064.83,2,298.72
Q463,Quenched,35.72,1045.19,4,307.49
Q464,Quenched,34.35,1058.54,1,291.3
Q465,Quenched,29.43,1052.36,3,291.36
Q466,Quenched,30.05,1044.29,5,309.37
Q467,Quenched,25.92,1057.34,3,314.08
Q468,Quenched,33.03,1043.83,4,292.28
Q469,Quenched,42.97,1046.24,5,279.59
Q470,Quenched,30.49,1036.23,3,294.58
Q471,Quenched,25.79,1045.36,4,305.89
Q472,Quenched,38.37,1052.54,1,291.0
Q473,Quenched,43.27,1065.69,4,279.65
Q474,Quenched,36.04,1046.47,5,288.54
Q475,Quenched,36.01,1039.62,2,296.14
Q476,Quenched,33.92,1064.97,1,284.06
Q477,Quenched,28.72,1044.95,3,300.0
Q478,Quenched,29.92,1032.52,5,288.81
Q479,Quenched,33.89,1051.33,2,295.23
Q480,Quenched,33.22,1046.75,4,281.85
Q481,Quenched,34.6,1073.0,2,299.74
Q482,Quenched,37.9,1054.75,5,280.13
Q483,Quenched,32.96,1048.54,5,283.39
Q484,Quenched,37.97,1040.76,2,286.71
Q485,Quenched,32.99,1053.3,4,307.74
Q486,Quenched,38.63,1064.57,2,293.47
Q487,Quenched,35.3,1053.12,5,279.11
Q488,Quenched,33.47,1041.53,5,285.66
Q489,Quenched,35.24,1055.39,3,289.88
Q490,Quenched,33.97,1049.51,3,310.03
Q491,Quenched,35.4,1054.49,1,285.87
Q492,Quenched,37.65,1046.45,5,283.12
Q493,Quenched,34.69,1046.22,3,304.07
Q494,Quenched,33.71,1045.82,2,296.1
Q495,Quenched,31.07,1059.42,4,306.05
Q496,Quenched,37.03,1046.32,2,285.3
Q497,Quenched,36.22,1045.4,4,290.68
Q498,Quenched,30.86,1040.58,3,308.21
Q499,Quenched,37.92,1054.54,1,288.3
N000,Normalized,24.24,950.4,3,319.58
N001,Normalized,35.59,938.95,2,294.9
N002,Normalized,19.19,938.38,2,318.27
N003,Normalized,17.78,946.91,4,330.33
N004,Normalized,32.31,943.0,1,303.62
N005,Normalized,38.98,939.33,2,292.78
N006,Normalized,54.01,946.29,5,274.56
N007,Normalized,68.44,947.84,1,253.24
N008,Normalized,49.2,951.42,1,265.84
N009,Normalized,41.19,944.96,3,274.62
N010,Normalized,34.74,939.92,2,289.74
N011,Normalized,20.92,940.27,3,317.61
N012,Normalized,31.7,962.13,2,287.36
N013,Normalized,48.77,937.48,4,285.91
N014,Normalized,43.36,953.63,3,274.68
N015,Normalized,22.51,955.2,3,306.32
N016,Normalized,39.81,948.79,5,287.78
N017,Normalized,38.8,967.68,3,295.11
N018,Normalized,36.78,955.02,2,305.07
N019,Normalized,32.84,968.43,5,300.05
N020,Normalized,40.43,943.49,3,297.55
N021,Normalized,40.82,943.66,3,277.6
N022,Normalized,27.32,955.28,4,320.35
N023,Normalized,37.96,947.39,3,276.24
N024,Normalized,31.29,966.86,1,294.8
N025,Normalized,21.2,953.42,5,323.39
N026,Normalized,27.98,939.55,1,292.74
N027,Normalized,20.72,932.63,5,314.35
N028,Normalized,44.44,949.22,4,274.91
N029,Normalized,36.85,949.11,3,288.44
N030,Normalized,29.77,953.14,3,310.76
N031,Normalized,50.71,962.11,3,277.35
N032,Normalized,33.8,960.79,5,291.36
N033,Normalized,21.56,944.21,3,298.27
N034,Normalized,29.02,937.06,1,305.36
N035,Normalized,54.05,937.66,3,280.34
N036,Normalized,27.09,942.63,4,293.77
N037,Normalized,35.97,946.33,1,291.24
N038,Normalized,41.4,953.05,3,286.84
N039,Normalized,39.53,941.99,3,294.23
N040,Normalized,69.05,952.8,2,261.11
N041,Normalized,23.27,953.62,5,307.89
N042,Normalized,23.98,951.43,1,309.13
N043,Normalized,23.38,938.71,2,322.73
N044,Normalized,30.3,954.68,4,307.22
N045,Normalized,46.05,970.81,5,280.9
N046,Normalized,24.3,952.46,1,318.71
N047,Normalized,46.25,920.47,3,264.29
N048,Normalized,33.47,962.41,1,300.61
N049,Normalized,23.74,942.97,3,305.04
N050,Normalized,19.58,972.66,5,336.66
N051,Normalized,20.94,951.16,3,312.74
N052,Normalized,27.12,933.15,4,299.65
N053,Normalized,31.48,929.35,3,301.97
N054,Normalized,49.59,965.4,4,282.71
N055,Normalized,42.09,961.06,5,281.66
N056,Normalized,25.75,972.26,5,310.99
N057,Normalized,37.43,950.11,1,293.36
N058,Normalized,54.35,949.43,4,277.36
N059,Normalized,58.1,946.17,4,269.32
N060,Normalized,30.13,943.42,2,303.73
N061,Normalized,44.15,946.08,2,292.62
N062,Normalized,50.25,952.17,2,269.01
N063,Normalized,21.07,941.56,3,313.94
N064,Normalized,28.4,933.31,2,303.4
N065,Normalized,64.46,951.6,4,261.11
N066,Normalized,30.26,941.34,3,287.37
N067,Normalized,13.75,917.61,5,355.96
N068,Normalized,31.94,955.53,1,281.72
N069,Normalized,46.4,938.92,2,277.92
N070,Normalized,33.18,956.62,5,300.79
N071,Normalized,41.04,956.38,4,287.72
N072,Normalized,43.88,952.84,1,280.32
N073,Normalized,29.77,974.97,5,293.12
N074,Normalized,28.34,948.62,1,305.73
N075,Normalized,34.68,947.14,2,286.48
N076,Normalized,34.93,956.84,4,294.92
N077,Normalized,33.66,949.45,1,295.79
N078,Normalized,34.07,961.6,5,295.28
N079,Normalized,26.45,937.31,2,302.45
N080,Normalized,41.47,937.48,2,299.65
N081,Normalized,39.64,957.66,5,289.87
N082,Normalized,22.18,938.35,5,314.83
N083,Normalized,29.47,956.09,1,303.17
N084,Normalized,34.05,953.7,3,288.83
N085,Normalized,28.21,943.06,2,300.85
N086,Normalized,40.09,953.67,1,303.6
N087,Normalized,32.46,937.65,5,291.17
N088,Normalized,34.84,940.0,1,292.64
N089,Normalized,29.36,947.63,5,298.3
N090,Normalized,18.21,950.79,4,321.61
N091,Normalized,17.9,946.96,5,332.94
N092,Normalized,39.52,954.33,5,287.74
N093,Normalized,35.88,953.88,5,298.2
N094,Normalized,37.77,965.29,3,295.16
N095,Normalized,34.48,949.05,5,299.97
N096,Normalized,35.32,961.95,2,286.12
N097,Normalized,44.29,959.21,2,287.13
N098,Normalized,37.84,972.94,1,294.07
N099,Normalized,45.25,948.73,3,274.61
N100,Normalized,34.86,945.8,1,290.92
N101,Normalized,30.26,962.58,2,289.79
N102,Normalized,35.1,953.85,2,297.52
N103,Normalized,25.77,962.82,4,313.0
N104,Normalized,29.55,957.17,5,311.19
N105,Normalized,34.93,928.93,2,291.46
N106,Normalized,34.79,953.76,1,296.41
N107,Normalized,32.07,953.11,1,304.03
N108,Normalized,21.84,951.33,5,312.42
N109,Normalized,40.08,948.68,5,280.53
N110,Normalized,42.53,934.08,4,279.27
N111,Normalized,54.22,958.74,3,272.25
N112,Normalized,37.81,953.74,1,283.35
N113,Normalized,33.13,961.02,5,290.8
N114,Normalized,24.44,934.61,1,317.43
N115,Normalized,51.81,955.07,5,275.74
N116,Normalized,35.67,947.65,2,294.23
N117,Normalized,35.09,951.44,1,288.99
N118,Normalized,30.69,947.77,2,294.97
N119,Normalized,30.1,955.44,1,302.24
N120,Normalized,40.71,948.37,3,287.08
N121,Normalized,24.38,939.48,4,316.85
N122,Normalized,53.93,950.86,2,284.01
N123,Normalized,50.51,947.86,5,272.54
N124,Normalized,29.78,949.17,3,306.82
N125,Normalized,25.56,918.12,1,301.24
N126,Normalized,18.09,956.83,2,343.82
N127,Normalized,22.75,946.85,1,309.81
N128,Normalized,41.22,936.52,1,290.5
N129,Normalized,36.4,959.23,1,283.55
N130,Normalized,38.4,956.36,4,287.69
N131,Normalized,19.04,946.73,4,336.88
N132,Normalized,29.41,938.48,5,295.7
N133,Normalized,49.91,951.78,2,293.28
N134,Normalized,32.18,951.23,3,296.93
N135,Normalized,22.61,959.24,3,322.5
N136,Normalized,32.03,945.56,3,300.01
N137,Normalized,26.28,961.95,1,310.49
N138,Normalized,36.6,944.6,4,280.93
N139,Normalized,33.32,936.54,2,291.97
N140,Normalized,38.98,938.68,1,296.47
N141,Normalized,22.98,949.38,4,312.32
N142,Normalized,28.94,949.34,4,303.2
N143,Normalized,45.93,953.28,2,270.32
N144,Normalized,22.06,949.1,2,313.34
N145,Normalized,24.51,959.77,2,318.96
N146,Normalized,35.16,947.39,1,283.78
N147,Normalized,36.09,930.04,5,296.57
N148,Normalized,28.6,948.79,2,304.09
N149,Normalized,30.46,929.93,5,298.0
N150,Normalized,38.86,952.71,1,286.27
N151,Normalized,42.73,960.57,5,280.7
N152,Normalized,24.03,940.14,3,309.39
N153,Normalized,36.94,964.19,5,297.0
N154,Normalized,52.12,958.43,2,273.16
N155,Normalized,31.98,962.06,1,309.9
N156,Normalized,23.95,951.9,2,314.48
N157,Normalized,23.62,940.07,3,309.13
N158,Normalized,31.56,957.81,2,304.72
N159,Normalized,45.18,943.75,2,286.19
N160,Normalized,32.71,951.18,2,284.58
N161,Normalized,35.05,948.29,4,285.66
N162,Normalized,24.56,961.25,3,310.17
N163,Normalized,44.48,957.3,2,271.39
N164,Normalized,23.48,949.19,2,328.13
N165,Normalized,28.46,930.48,2,308.84
N166,Normalized,40.0,943.65,1,286.87
N167,Normalized,17.96,957.04,4,327.38
N168,Normalized,34.89,952.8,1,288.92
N169,Normalized,24.25,934.97,4,297.95
N170,Normalized,33.28,931.93,2,283.21
N171,Normalized,29.8,951.96,3,314.07
N172,Normalized,62.29,939.43,5,280.7
N173,Normalized,29.43,940.39,5,297.35
N174,Normalized,57.56,956.73,2,278.85
N175,Normalized,39.49,962.02,1,291.07
N176,Normalized,26.04,942.49,3,312.15
N177,Normalized,36.57,949.55,4,280.97
N178,Normalized,30.23,949.26,2,287.38
N179,Normalized,35.61,948.36,3,300.44
N180,Normalized,26.73,950.41,3,292.52
N181,Normalized,54.98,957.56,4,273.14
N182,Normalized,43.71,943.26,3,280.61
N183,Normalized,33.43,934.75,1,291.9
N184,Normalized,55.63,966.9,1,275.94
N185,Normalized,33.86,960.89,1,289.77
N186,Normalized,46.03,938.96,3,283.84
N187,Normalized,33.5,951.36,1,296.02
N188,Normalized,37.27,960.11,4,304.78
N189,Normalized,32.32,957.49,3,287.05
N190,Normalized,34.08,954.62,5,294.42
N191,Normalized,34.85,948.3,3,296.18
N192,Normalized,27.09,967.27,4,303.88
N193,Normalized,29.36,952.21,5,292.14
N194,Normalized,31.03,944.85,3,307.53
N195,Normalized,35.48,958.71,1,294.7
N196,Normalized,32.81,950.96,2,287.15
N197,Normalized,47.08,953.5,2,283.23
N198,Normalized,42.7,952.03,1,296.08
N199,Normalized,31.22,954.97,2,298.18
N200,Normalized,50.13,940.22,2,277.67
N201,Normalized,58.08,935.49,1,283.14
N202,Normalized,17.94,964.34,1,323.07
N203,Normalized,43.8,952.5,3,295.2
N204,Normalized,26.9,957.71,3,312.86
N205,Normalized,42.11,932.4,1,278.29
N206,Normalized,48.01,960.67,4,274.7
N207,Normalized,25.45,944.79,2,305.34
N208,Normalized,19.0,941.94,3,313.35
N209,Normalized,42.55,949.37,2,286.14
N210,Normalized,34.49,940.22,5,287.5
N211,Normalized,20.07,949.98,1,324.83
N212,Normalized,70.73,948.64,4,256.36
N213,Normalized,39.94,960.6,5,293.49
N214,Normalized,40.49,965.13,5,291.6
N215,Normalized,49.89,964.82,5,272.93
N216,Normalized,27.82,927.35,1,306.79
N217,Normalized,34.44,940.65,3,294.3
N218,Normalized,22.29,927.25,1,326.87
N219,Normalized,27.59,938.06,3,297.47
N220,Normalized,37.18,943.5,5,289.14
N221,Normalized,20.09,954.11,5,318.21
N222,Normalized,27.36,944.8,4,305.46
N223,Normalized,25.07,945.08,3,313.58
N224,Normalized,34.56,951.82,5,289.0
N225,Normalized,39.35,932.91,2,285.13
N226,Normalized,41.37,941.61,4,292.27
N227,Normalized,44.69,944.96,1,291.78
N228,Normalized,49.98,947.98,4,281.25
N229,Normalized,39.73,950.77,2,286.29
N230,Normalized,58.33,965.01,3,270.38
N231,Normalized,34.32,959.08,1,297.71
N232,Normalized,31.44,942.31,1,299.69
N233,Normalized,39.73,947.39,3,275.71
N234,Normalized,31.03,946.71,4,302.74
N235,Normalized,57.73,944.86,5,266.36
N236,Normalized,46.49,952.73,4,270.74
N237,Normalized,41.47,931.4,2,273.72
N238,Normalized,34.45,958.81,5,292.2
N239,Normalized,29.3,966.94,4,294.48
N240,Normalized,40.87,947.3,3,269.75
N241,Normalized,23.61,947.11,2,310.67
N242,Normalized,52.47,951.57,2,272.49
N243,Normalized,31.4,960.19,2,297.11
N244,Normalized,36.29,946.76,5,286.9
N245,Normalized,25.21,959.34,1,322.35
N246,Normalized,41.14,954.88,5,289.37
N247,Normalized,28.9,973.62,4,298.81
N248,Normalized,40.24,946.71,1,286.26
N249,Normalized,41.56,930.24,4,295.21
N250,Normalized,27.27,935.67,1,312.02
N251,Normalized,23.64,950.12,5,303.35
N252,Normalized,52.43,960.28,2,269.13
N253,Normalized,31.26,943.47,3,292.9
N254,Normalized,35.43,947.69,2,289.33
N255,Normalized,38.31,956.85,5,284.7
N256,Normalized,22.73,940.35,1,315.59
N257,Normalized,38.05,943.89,2,294.32
N258,Normalized,34.12,938.32,5,300.48
N259,Normalized,27.3,961.78,4,302.97
N260,Normalized,23.41,965.42,3,302.24
N261,Normalized,39.72,934.21,2,279.99
N262,Normalized,46.45,948.58,1,277.06
N263,Normalized,34.94,964.07,4,284.33
N264,Normalized,21.53,953.99,5,326.51
N265,Normalized,24.11,945.11,3,303.75
N266,Normalized,29.09,934.54,1,306.3
N267,Normalized,52.95,961.53,5,263.81
N268,Normalized,30.75,953.61,5,303.78
N269,Normalized,28.77,935.27,2,301.56
N270,Normalized,20.04,961.9,2,333.43
N271,Normalized,27.19,934.0,1,297.55
N272,Normalized,22.88,947.8,5,311.04
N273,Normalized,24.51,947.35,2,308.5
N274,Normalized,34.33,966.18,3,292.8
N275,Normalized,29.36,947.39,3,299.08
N276,Normalized,55.14,947.35,5,271.78
N277,Normalized,45.76,936.37,2,278.9
N278,Normalized,27.59,943.6,1,290.22
N279,Normalized,25.15,941.83,1,316.62
N280,Normalized,50.14,942.35,1,297.7
N281,Normalized,54.49,950.06,3,276.6
N282,Normalized,17.15,925.66,2,324.88
N283,Normalized,34.05,934.9,2,287.01
N284,Normalized,30.71,948.89,3,303.55
N285,Normalized,40.23,951.21,1,289.41
N286,Normalized,59.31,947.67,1,269.43
N287,Normalized,28.64,949.59,5,308.05
N288,Normalized,17.85,945.91,4,315.75
N289,Normalized,39.4,949.81,2,292.9
N290,Normalized,50.25,954.34,2,279.25
N291,Normalized,30.23,954.27,2,293.06
N292,Normalized,26.8,943.11,4,296.2
N293,Normalized,29.04,959.15,5,302.9
N294,Normalized,42.74,951.57,4,293.98
N295,Normalized,28.89,962.32,1,300.72
N296,Normalized,36.55,964.33,1,285.01
N297,Normalized,33.39,935.57,2,296.52
N298,Normalized,32.37,941.41,3,309.41
N299,Normalized,40.87,958.14,2,289.05
N300,Normalized,28.69,933.35,3,306.46
N301,Normalized,29.1,964.2,4,310.51
N302,Normalized,42.07,946.56,1,288.11
N303,Normalized,24.63,955.75,3,305.36
N304,Normalized,25.43,948.84,4,296.85
N305,Normalized,22.69,936.08,1,309.01
N306,Normalized,42.72,960.56,3,276.41
N307,Normalized,32.09,977.51,2,301.71
N308,Normalized,22.33,944.85,2,321.98
N309,Normalized,42.78,946.78,2,285.32
N310,Normalized,28.03,923.51,4,295.0
N311,Normalized,25.5,963.52,2,321.43
N312,Normalized,31.23,959.12,5,295.51
N313,Normalized,51.6,932.67,1,280.79
N314,Normalized,29.42,929.35,4,301.75
N315,Normalized,39.35,930.51,2,289.13
N316,Normalized,41.19,956.45,1,289.68
N317,Normalized,37.83,957.45,3,284.56
N318,Normalized,48.49,940.77,2,288.12
N319,Normalized,26.79,954.99,1,295.21
N320,Normalized,24.22,951.59,5,304.5
N321,Normalized,24.07,946.33,3,321.14
N322,Normalized,31.71,959.7,5,301.8
N323,Normalized,24.93,937.95,1,327.95
N324,Normalized,34.61,961.48,5,293.96
N325,Normalized,33.89,942.71,1,306.38
N326,Normalized,44.95,967.82,1,269.03
N327,Normalized,36.14,939.95,5,281.6
N328,Normalized,29.23,946.48,1,308.0
N329,Normalized,37.46,950.59,2,277.68
N330,Normalized,24.31,950.52,1,310.17
N331,Normalized,32.74,954.91,4,304.29
N332,Normalized,36.45,937.14,1,294.61
N333,Normalized,34.43,949.63,4,293.82
N334,Normalized,37.51,951.38,1,286.66
N335,Normalized,27.3,944.72,1,306.69
N336,Normalized,46.79,954.04,5,284.45
N337,Normalized,57.21,936.54,2,268.09
N338,Normalized,20.47,946.74,2,324.15
N339,Normalized,23.0,942.47,3,322.24
N340,Normalized,33.55,946.77,5,293.4
N341,Normalized,30.66,964.47,5,299.8
N342,Normalized,58.49,964.66,2,275.3
N343,Normalized,35.37,962.7,5,296.34
N344,Normalized,50.29,945.38,2,283.71
N345,Normalized,17.91,959.08,5,322.87
N346,Normalized,42.28,951.12,1,280.89
N347,Normalized,26.72,950.46,2,302.96
N348,Normalized,26.59,949.23,2,300.33
N349,Normalized,30.74,967.58,4,286.61
N350,Normalized,21.6,963.66,5,295.56
N351,Normalized,37.82,957.45,5,297.8
N352,Normalized,35.07,948.3,2,282.0
N353,Normalized,35.87,950.4,1,302.8
N354,Normalized,43.21,955.31,1,288.84
N355,Normalized,52.17,944.78,1,273.31
N356,Normalized,29.69,959.38,5,305.25
N357,Normalized,38.21,940.79,4,291.95
N358,Normalized,36.16,953.92,2,283.75
N359,Normalized,37.09,927.1,3,290.21
N360,Normalized,37.25,944.49,4,283.25
N361,Normalized,53.36,970.78,3,279.87
N362,Normalized,28.85,960.36,4,297.39
N363,Normalized,20.95,965.35,1,319.48
N364,Normalized,26.86,943.33,5,305.14
N365,Normalized,41.56,951.04,3,286.16
N366,Normalized,33.35,962.82,4,306.88
N367,Normalized,28.78,956.33,5,300.83
N368,Normalized,23.98,955.09,3,320.85
N369,Normalized,35.39,966.31,2,295.82
N370,Normalized,40.18,939.6,4,296.7
N371,Normalized,36.3,948.16,2,288.92
N372,Normalized,30.69,932.46,1,304.15
N373,Normalized,34.6,939.05,2,293.08
N374,Normalized,34.54,960.74,2,272.65
N375,Normalized,35.05,940.83,4,285.27
N376,Normalized,23.21,957.36,1,318.23
N377,Normalized,35.14,966.58,2,296.4
N378,Normalized,29.02,948.22,5,293.04
N379,Normalized,45.25,955.2,3,283.31
N380,Normalized,34.46,957.43,2,297.21
N381,Normalized,42.55,937.79,1,284.08
N382,Normalized,30.25,943.84,2,305.1
N383,Normalized,30.58,939.96,3,303.61
N384,Normalized,51.85,944.63,1,276.14
N385,Normalized,37.75,957.16,4,285.94
N386,Normalized,26.73,944.05,1,313.69
N387,Normalized,43.34,949.65,4,286.79
N388,Normalized,28.22,939.58,1,293.87
N389,Normalized,35.44,962.26,3,293.94
N390,Normalized,57.46,944.55,3,264.5
N391,Normalized,21.56,965.23,1,311.71
N392,Normalized,31.41,950.61,2,293.57
N393,Normalized,37.43,935.93,3,290.21
N394,Normalized,41.65,948.29,4,287.84
N395,Normalized,22.82,939.37,4,312.27
N396,Normalized,20.89,955.89,5,317.78
N397,Normalized,45.93,947.39,4,277.63
N398,Normalized,26.68,951.63,5,313.82
N399,Normalized,26.35,946.31,1,287.18
N400,Normalized,52.72,944.45,1,273.58
N401,Normalized,33.82,940.26,1,305.4
N402,Normalized,33.88,958.36,2,298.11
N403,Normalized,31.38,948.27,2,307.06
N404,Normalized,22.94,946.85,5,300.6
N405,Normalized,40.56,948.02,4,277.67
N406,Normalized,37.44,943.21,4,293.48
N407,Normalized,34.83,946.89,1,304.04
N408,Normalized,31.98,952.06,3,289.27
N409,Normalized,30.34,939.66,2,297.15
N410,Normalized,43.54,941.11,2,286.16
N411,Normalized,31.74,963.78,1,287.46
N412,Normalized,32.49,946.37,2,300.15
N413,Normalized,38.82,944.48,1,269.54
N414,Normalized,35.25,936.56,5,296.09
N415,Normalized,54.2,958.51,4,267.74
N416,Normalized,19.52,939.44,3,321.34
N417,Normalized,36.23,949.85,4,295.93
N418,Normalized,26.8,932.92,4,309.38
N419,Normalized,24.96,958.18,5,310.03
N420,Normalized,28.87,961.77,2,309.14
N421,Normalized,33.66,954.85,3,282.89
N422,Normalized,34.11,934.66,2,295.6
N423,Normalized,21.01,958.39,4,314.47
N424,Normalized,28.15,941.73,1,310.08
N425,Normalized,36.03,938.29,4,296.44
N426,Normalized,25.46,946.17,2,314.08
N427,Normalized,23.7,945.97,4,324.49
N428,Normalized,16.83,944.95,1,341.95
N429,Normalized,27.14,962.74,5,304.47
N430,Normalized,23.46,970.12,2,313.55
N431,Normalized,24.65,936.31,4,314.98
N432,Normalized,30.52,943.11,2,300.51
N433,Normalized,27.66,951.43,5,309.51
N434,Normalized,23.34,946.11,4,298.23
N435,Normalized,17.55,953.99,4,344.44
N436,Normalized,36.26,959.16,2,291.77
N437,Normalized,41.51,957.49,2,274.01
N438,Normalized,29.4,956.1,1,295.04
N439,Normalized,30.58,966.59,5,284.56
N440,Normalized,33.14,934.11,1,287.9
N441,Normalized,53.18,964.8,4,274.43
N442,Normalized,20.69,945.87,2,331.52
N443,Normalized,29.24,957.85,4,304.58
N444,Normalized,19.76,939.7,4,325.37
N445,Normalized,36.92,940.92,3,282.57
N446,Normalized,31.72,956.62,3,291.89
N447,Normalized,35.19,930.71,4,287.48
N448,Normalized,34.67,959.89,2,288.46
N449,Normalized,44.58,962.6,4,279.92
N450,Normalized,38.92,951.78,3,286.23
N451,Normalized,42.49,951.42,2,282.01
N452,Normalized,24.05,941.66,4,307.44
N453,Normalized,47.37,956.74,5,280.86
N454,Normalized,26.66,953.48,5,304.31
N455,Normalized,27.13,940.78,4,294.43
N456,Normalized,35.92,946.09,2,292.01
N457,Normalized,36.25,948.41,4,290.53
N458,Normalized,24.01,946.07,4,301.19
N459,Normalized,31.44,936.37,3,293.95
N460,Normalized,51.75,956.99,5,280.63
N461,Normalized,21.32,947.56,3,311.17
N462,Normalized,51.71,950.15,3,267.79
N463,Normalized,30.8,944.22,4,296.83
N464,Normalized,16.42,954.75,3,340.08
N465,Normalized,21.98,951.99,5,329.99
N466,Normalized,24.8,962.13,3,315.05
N467,Normalized,27.46,954.81,5,312.55
N468,Normalized,32.09,947.97,3,299.52
N469,Normalized,14.72,942.6,5,338.58
N470,Normalized,35.02,958.66,3,297.5
N471,Normalized,24.13,947.17,3,311.37
N472,Normalized,50.26,948.28,2,280.22
N473,Normalized,30.54,948.28,5,292.91
N474,Normalized,43.94,945.98,5,286.24
N475,Normalized,46.21,948.45,5,280.07
N476,Normalized,45.83,969.26,1,282.86
N477,Normalized,27.94,939.52,3,303.46
N478,Normalized,27.83,941.85,5,302.31
N479,Normalized,30.95,963.84,1,302.25
N480,Normalized,40.08,946.25,2,284.03
N481,Normalized,28.41,945.49,5,292.06
N482,Normalized,31.95,960.35,5,284.18
N483,Normalized,35.95,935.8,1,293.02
N484,Normalized,25.24,958.21,3,306.34
N485,Normalized,24.77,950.46,2,298.41
N486,Normalized,31.58,954.65,5,298.62
N487,Normalized,32.86,954.46,3,295.29
N488,Normalized,37.72,943.72,2,286.06
N489,Normalized,40.51,960.51,4,288.14
N490,Normalized,23.81,944.5,4,321.91
N491,Normalized,25.96,954.09,2,316.95
N492,Normalized,24.75,962.38,1,311.56
N493,Normalized,50.59,963.79,2,276.73
N494,Normalized,31.94,947.33,2,298.42
N495,Normalized,33.28,954.63,1,297.51
N496,Normalized,33.69,946.41,1,292.87
N497,Normalized,26.72,975.04,3,307.63
N498,Normalized,52.95,957.8,3,264.57
N499,Normalized,37.46,950.84,1,290.43
C000,Cold_Rolled,28.71,25.0,5,305.98
C001,Cold_Rolled,34.88,25.0,4,289.69
C002,Cold_Rolled,41.35,25.0,3,284.86
C003,Cold_Rolled,42.86,25.0,1,276.23
C004,Cold_Rolled,40.38,25.0,5,277.8
C005,Cold_Rolled,33.64,25.0,2,296.3
C006,Cold_Rolled,34.32,25.0,3,288.78
C007,Cold_Rolled,32.04,25.0,3,284.73
C008,Cold_Rolled,41.97,25.0,5,277.11
C009,Cold_Rolled,51.35,25.0,4,269.99
C010,Cold_Rolled,29.56,25.0,4,306.59
C011,Cold_Rolled,47.04,25.0,4,281.45
C012,Cold_Rolled,51.08,25.0,2,270.85
C013,Cold_Rolled,38.79,25.0,5,284.2
C014,Cold_Rolled,51.31,25.0,5,285.97
C015,Cold_Rolled,43.18,25.0,4,290.25
C016,Cold_Rolled,51.34,25.0,4,268.93
C017,Cold_Rolled,44.98,25.0,1,290.15
C018,Cold_Rolled,32.02,25.0,1,296.64
C019,Cold_Rolled,41.28,25.0,3,291.21
C020,Cold_Rolled,43.24,25.0,3,282.5
C021,Cold_Rolled,40.59,25.0,5,294.63
C022,Cold_Rolled,52.69,25.0,5,267.65
C023,Cold_Rolled,46.42,25.0,2,278.94
C024,Cold_Rolled,45.78,25.0,2,289.81
C025,Cold_Rolled,39.57,25.0,1,270.69
C026,Cold_Rolled,47.89,25.0,3,279.16
C027,Cold_Rolled,42.23,25.0,1,281.88
C028,Cold_Rolled,43.76,25.0,1,287.94
C029,Cold_Rolled,46.19,25.0,3,288.42
C030,Cold_Rolled,45.91,25.0,2,286.28
C031,Cold_Rolled,43.8,25.0,3,284.79
C032,Cold_Rolled,50.75,25.0,4,277.49
C033,Cold_Rolled,38.57,25.0,4,286.16
C034,Cold_Rolled,47.06,25.0,4,281.64
C035,Cold_Rolled,44.68,25.0,5,292.5
C036,Cold_Rolled,32.4,25.0,2,290.82
C037,Cold_Rolled,38.44,25.0,2,285.89
C038,Cold_Rolled,48.51,25.0,5,278.44
C039,Cold_Rolled,52.93,25.0,1,282.6
C040,Cold_Rolled,40.31,25.0,4,288.19
C041,Cold_Rolled,44.49,25.0,4,289.34
C042,Cold_Rolled,42.19,25.0,1,291.91
C043,Cold_Rolled,38.69,25.0,3,292.57
C044,Cold_Rolled,37.54,25.0,3,282.32
C045,Cold_Rolled,45.43,25.0,2,293.22
C046,Cold_Rolled,43.89,25.0,5,292.91
C047,Cold_Rolled,41.08,25.0,2,286.26
C048,Cold_Rolled,40.67,25.0,3,276.57
C049,Cold_Rolled,42.25,25.0,1,273.69
C050,Cold_Rolled,33.52,25.0,2,296.78
C051,Cold_Rolled,40.74,25.0,4,281.26
C052,Cold_Rolled,38.8,25.0,4,276.28
C053,Cold_Rolled,41.76,25.0,1,274.06
C054,Cold_Rolled,47.91,25.0,3,276.17
C055,Cold_Rolled,46.43,25.0,4,282.08
C056,Cold_Rolled,48.65,25.0,4,288.69
C057,Cold_Rolled,36.67,25.0,5,294.22
C058,Cold_Rolled,49.82,25.0,2,275.25
C059,Cold_Rolled,44.1,25.0,3,285.48
C060,Cold_Rolled,45.19,25.0,2,283.85
C061,Cold_Rolled,45.31,25.0,3,286.89
C062,Cold_Rolled,44.91,25.0,4,281.79
C063,Cold_Rolled,31.72,25.0,5,304.91
C064,Cold_Rolled,50.91,25.0,2,282.85
C065,Cold_Rolled,34.72,25.0,4,293.92
C066,Cold_Rolled,44.5,25.0,3,281.61
C067,Cold_Rolled,38.05,25.0,2,295.6
C068,Cold_Rolled,42.9,25.0,2,278.98
C069,Cold_Rolled,48.32,25.0,4,268.58
C070,Cold_Rolled,33.86,25.0,2,283.94
C071,Cold_Rolled,35.31,25.0,5,286.98
C072,Cold_Rolled,48.07,25.0,5,283.95
C073,Cold_Rolled,39.81,25.0,4,284.21
C074,Cold_Rolled,46.24,25.0,3,282.32
C075,Cold_Rolled,49.7,25.0,4,274.55
C076,Cold_Rolled,47.05,25.0,5,276.77
C077,Cold_Rolled,34.41,25.0,1,286.58
C078,Cold_Rolled,37.86,25.0,1,288.74
C079,Cold_Rolled,44.85,25.0,2,280.9
C080,Cold_Rolled,34.37,25.0,2,296.71
C081,Cold_Rolled,35.99,25.0,1,293.7
C082,Cold_Rolled,47.05,25.0,5,278.8
C083,Cold_Rolled,32.13,25.0,2,286.48
C084,Cold_Rolled,45.23,25.0,4,289.27
C085,Cold_Rolled,44.6,25.0,4,281.76
C086,Cold_Rolled,50.85,25.0,5,277.68
C087,Cold_Rolled,46.32,25.0,2,292.02
C088,Cold_Rolled,44.06,25.0,4,289.22
C089,Cold_Rolled,41.59,25.0,2,288.41
C090,Cold_Rolled,48.31,25.0,2,279.12
C091,Cold_Rolled,46.87,25.0,4,280.26
C092,Cold_Rolled,31.91,25.0,1,299.05
C093,Cold_Rolled,36.55,25.0,4,293.83
C094,Cold_Rolled,35.03,25.0,5,304.91
C095,Cold_Rolled,43.63,25.0,3,300.58
C096,Cold_Rolled,41.41,25.0,4,287.5
C097,Cold_Rolled,39.66,25.0,2,272.26
C098,Cold_Rolled,32.06,25.0,2,290.47
C099,Cold_Rolled,49.76,25.0,4,290.65
C100,Cold_Rolled,45.9,25.0,3,286.21
C101,Cold_Rolled,41.97,25.0,4,287.88
C102,Cold_Rolled,42.86,25.0,3,282.84
C103,Cold_Rolled,46.92,25.0,3,271.97
C104,Cold_Rolled,40.25,25.0,5,298.43
C105,Cold_Rolled,45.73,25.0,2,275.57
C106,Cold_Rolled,43.26,25.0,2,288.72
C107,Cold_Rolled,40.55,25.0,3,277.27
C108,Cold_Rolled,45.52,25.0,2,280.01
C109,Cold_Rolled,38.5,25.0,1,295.59
C110,Cold_Rolled,37.15,25.0,3,288.48
C111,Cold_Rolled,46.77,25.0,2,277.84
C112,Cold_Rolled,45.76,25.0,1,281.38
C113,Cold_Rolled,47.81,25.0,5,270.19
C114,Cold_Rolled,43.38,25.0,2,272.83
C115,Cold_Rolled,41.6,25.0,1,290.28
C116,Cold_Rolled,45.09,25.0,4,278.95
C117,Cold_Rolled,41.76,25.0,4,290.05
C118,Cold_Rolled,45.87,25.0,1,289.03
C119,Cold_Rolled,45.73,25.0,3,289.72
C120,Cold_Rolled,41.28,25.0,3,274.25
C121,Cold_Rolled,45.44,25.0,2,276.7
C122,Cold_Rolled,43.67,25.0,4,286.99
C123,Cold_Rolled,41.06,25.0,3,289.7
C124,Cold_Rolled,41.85,25.0,3,300.76
C125,Cold_Rolled,52.06,25.0,4,269.87
C126,Cold_Rolled,45.81,25.0,5,289.44
C127,Cold_Rolled,36.35,25.0,3,293.83
C128,Cold_Rolled,49.91,25.0,1,266.37
C129,Cold_Rolled,53.2,25.0,2,271.57
C130,Cold_Rolled,39.97,25.0,3,288.83
C131,Cold_Rolled,41.97,25.0,3,272.97
C132,Cold_Rolled,48.29,25.0,5,264.63
C133,Cold_Rolled,42.73,25.0,1,271.81
C134,Cold_Rolled,46.4,25.0,2,282.56
C135,Cold_Rolled,40.46,25.0,3,283.08
C136,Cold_Rolled,52.96,25.0,2,271.24
C137,Cold_Rolled,44.66,25.0,4,278.2
C138,Cold_Rolled,46.0,25.0,3,271.12
C139,Cold_Rolled,38.47,25.0,3,285.48
C140,Cold_Rolled,50.77,25.0,4,264.45
C141,Cold_Rolled,43.09,25.0,5,292.1
C142,Cold_Rolled,40.05,25.0,3,298.75
C143,Cold_Rolled,30.16,25.0,2,283.87
C144,Cold_Rolled,45.75,25.0,1,278.03
C145,Cold_Rolled,41.49,25.0,2,282.56
C146,Cold_Rolled,50.62,25.0,5,276.09
C147,Cold_Rolled,43.36,25.0,1,290.53
C148,Cold_Rolled,35.74,25.0,2,288.73
C149,Cold_Rolled,30.05,25.0,2,299.71
C150,Cold_Rolled,40.92,25.0,4,306.84
C151,Cold_Rolled,49.93,25.0,5,277.06
C152,Cold_Rolled,34.37,25.0,4,306.17
C153,Cold_Rolled,49.9,25.0,1,281.37
C154,Cold_Rolled,48.61,25.0,4,275.01
C155,Cold_Rolled,33.59,25.0,5,289.85
C156,Cold_Rolled,43.75,25.0,3,283.1
C157,Cold_Rolled,46.24,25.0,3,273.0
C158,Cold_Rolled,39.14,25.0,1,281.87
C159,Cold_Rolled,42.42,25.0,3,281.48
C160,Cold_Rolled,36.51,25.0,4,293.08
C161,Cold_Rolled,42.16,25.0,1,297.49
C162,Cold_Rolled,42.02,25.0,5,281.45
C163,Cold_Rolled,36.8,25.0,1,293.9
C164,Cold_Rolled,43.82,25.0,1,271.69
C165,Cold_Rolled,47.5,25.0,2,287.22
C166,Cold_Rolled,38.73,25.0,2,276.32
C167,Cold_Rolled,44.84,25.0,1,287.72
C168,Cold_Rolled,41.69,25.0,3,284.61
C169,Cold_Rolled,51.13,25.0,2,276.07
C170,Cold_Rolled,44.03,25.0,5,280.78
C171,Cold_Rolled,45.94,25.0,4,272.04
C172,Cold_Rolled,51.2,25.0,2,268.13
C173,Cold_Rolled,43.87,25.0,1,288.89
C174,Cold_Rolled,43.7,25.0,3,283.29
C175,Cold_Rolled,41.26,25.0,4,283.48
C176,Cold_Rolled,35.89,25.0,2,294.92
C177,Cold_Rolled,37.25,25.0,3,290.83
C178,Cold_Rolled,45.63,25.0,3,275.87
C179,Cold_Rolled,42.3,25.0,3,301.79
C180,Cold_Rolled,40.37,25.0,1,291.75
C181,Cold_Rolled,45.51,25.0,5,282.42
C182,Cold_Rolled,49.65,25.0,3,274.46
C183,Cold_Rolled,44.42,25.0,4,289.19
C184,Cold_Rolled,35.53,25.0,2,286.76
C185,Cold_Rolled,49.79,25.0,4,271.84
C186,Cold_Rolled,47.88,25.0,1,291.34
C187,Cold_Rolled,47.11,25.0,1,280.35
C188,Cold_Rolled,47.84,25.0,4,274.17
C189,Cold_Rolled,39.11,25.0,5,287.99
C190,Cold_Rolled,46.42,25.0,1,286.68
C191,Cold_Rolled,38.92,25.0,1,292.51
C192,Cold_Rolled,43.09,25.0,4,290.6
C193,Cold_Rolled,50.45,25.0,1,268.69
C194,Cold_Rolled,45.41,25.0,5,288.26
C195,Cold_Rolled,37.01,25.0,5,289.15
C196,Cold_Rolled,42.48,25.0,5,285.01
C197,Cold_Rolled,45.06,25.0,2,290.4
C198,Cold_Rolled,35.42,25.0,5,297.33
C199,Cold_Rolled,48.24,25.0,5,281.65
C200,Cold_Rolled,46.26,25.0,2,266.97
C201,Cold_Rolled,37.76,25.0,3,289.18
C202,Cold_Rolled,39.25,25.0,1,282.29
C203,Cold_Rolled,48.52,25.0,5,283.94
C204,Cold_Rolled,40.59,25.0,1,293.27
C205,Cold_Rolled,46.48,25.0,4,278.56
C206,Cold_Rolled,51.31,25.0,1,272.12
C207,Cold_Rolled,44.96,25.0,2,292.92
C208,Cold_Rolled,29.33,25.0,1,297.33
C209,Cold_Rolled,36.88,25.0,1,282.21
C210,Cold_Rolled,43.59,25.0,1,277.48
C211,Cold_Rolled,49.96,25.0,3,273.93
C212,Cold_Rolled,51.24,25.0,3,270.81
C213,Cold_Rolled,43.07,25.0,4,289.72
C214,Cold_Rolled,41.01,25.0,2,270.5
C215,Cold_Rolled,39.02,25.0,1,281.87
C216,Cold_Rolled,39.84,25.0,1,286.81
C217,Cold_Rolled,39.26,25.0,1,289.25
C218,Cold_Rolled,41.77,25.0,1,296.94
C219,Cold_Rolled,35.61,25.0,3,302.98
C220,Cold_Rolled,45.95,25.0,4,269.93
C221,Cold_Rolled,43.16,25.0,5,270.36
C222,Cold_Rolled,50.44,25.0,2,277.62
C223,Cold_Rolled,46.04,25.0,1,276.34
C224,Cold_Rolled,37.1,25.0,4,281.96
C225,Cold_Rolled,39.49,25.0,5,287.64
C226,Cold_Rolled,52.03,25.0,4,277.87
C227,Cold_Rolled,28.46,25.0,3,297.22
C228,Cold_Rolled,42.46,25.0,5,280.03
C229,Cold_Rolled,42.36,25.0,4,279.18
C230,Cold_Rolled,46.32,25.0,3,277.94
C231,Cold_Rolled,45.38,25.0,4,285.43
C232,Cold_Rolled,42.53,25.0,4,276.79
C233,Cold_Rolled,39.88,25.0,5,282.61
C234,Cold_Rolled,41.49,25.0,3,282.59
C235,Cold_Rolled,45.98,25.0,1,281.06
C236,Cold_Rolled,47.55,25.0,2,281.69
C237,Cold_Rolled,47.8,25.0,5,293.84
C238,Cold_Rolled,36.47,25.0,3,295.07
C239,Cold_Rolled,37.47,25.0,4,294.03
C240,Cold_Rolled,40.5,25.0,3,284.56
C241,Cold_Rolled,36.53,25.0,2,284.14
C242,Cold_Rolled,44.0,25.0,2,279.22
C243,Cold_Rolled,38.14,25.0,1,284.09
C244,Cold_Rolled,40.16,25.0,1,289.53
C245,Cold_Rolled,37.93,25.0,2,277.74
C246,Cold_Rolled,48.17,25.0,5,283.4
C247,Cold_Rolled,52.29,25.0,5,275.24
C248,Cold_Rolled,41.86,25.0,4,290.14
C249,Cold_Rolled,45.13,25.0,1,276.81
C250,Cold_Rolled,51.68,25.0,4,270.2
C251,Cold_Rolled,35.16,25.0,1,289.91
C252,Cold_Rolled,37.44,25.0,2,286.87
C253,Cold_Rolled,41.34,25.0,5,291.19
C254,Cold_Rolled,47.32,25.0,5,285.53
C255,Cold_Rolled,50.55,25.0,2,290.69
C256,Cold_Rolled,51.71,25.0,4,273.02
C257,Cold_Rolled,46.07,25.0,4,257.6
C258,Cold_Rolled,39.16,25.0,3,285.03
C259,Cold_Rolled,45.08,25.0,1,283.53
C260,Cold_Rolled,40.42,25.0,4,291.51
C261,Cold_Rolled,40.09,25.0,2,288.99
C262,Cold_Rolled,39.26,25.0,4,284.3
C263,Cold_Rolled,50.98,25.0,5,289.03
C264,Cold_Rolled,46.98,25.0,1,273.01
C265,Cold_Rolled,40.54,25.0,3,284.46
C266,Cold_Rolled,33.24,25.0,1,287.84
C267,Cold_Rolled,35.96,25.0,5,291.86
C268,Cold_Rolled,41.66,25.0,5,296.34
C269,Cold_Rolled,35.06,25.0,5,291.9
C270,Cold_Rolled,41.7,25.0,5,284.22
C271,Cold_Rolled,49.87,25.0,2,266.01
C272,Cold_Rolled,39.38,25.0,3,285.64
C273,Cold_Rolled,35.66,25.0,5,300.15
C274,Cold_Rolled,30.22,25.0,5,298.29
C275,Cold_Rolled,46.19,25.0,4,278.7
C276,Cold_Rolled,48.53,25.0,3,286.69
C277,Cold_Rolled,38.11,25.0,1,286.89
C278,Cold_Rolled,40.93,25.0,3,295.01
C279,Cold_Rolled,41.5,25.0,3,276.38
C280,Cold_Rolled,34.94,25.0,3,297.8
C281,Cold_Rolled,38.14,25.0,5,300.58
C282,Cold_Rolled,40.33,25.0,5,293.66
C283,Cold_Rolled,45.65,25.0,2,268.33
C284,Cold_Rolled,38.75,25.0,1,283.88
C285,Cold_Rolled,48.67,25.0,4,277.14
C286,Cold_Rolled,41.72,25.0,3,292.22
C287,Cold_Rolled,43.52,25.0,1,274.05
C288,Cold_Rolled,50.0,25.0,1,270.65
C289,Cold_Rolled,40.91,25.0,2,274.75
C290,Cold_Rolled,46.18,25.0,4,275.15
C291,Cold_Rolled,41.06,25.0,3,277.07
C292,Cold_Rolled,47.78,25.0,4,290.75
C293,Cold_Rolled,38.07,25.0,2,284.61
C294,Cold_Rolled,31.73,25.0,5,302.48
C295,Cold_Rolled,48.67,25.0,1,278.97
C296,Cold_Rolled,47.78,25.0,3,279.59
C297,Cold_Rolled,49.22,25.0,5,274.26
C298,Cold_Rolled,44.45,25.0,2,287.88
C299,Cold_Rolled,41.16,25.0,4,286.81
C300,Cold_Rolled,39.19,25.0,1,288.53
C301,Cold_Rolled,41.84,25.0,3,280.88
C302,Cold_Rolled,39.41,25.0,5,284.6
C303,Cold_Rolled,43.7,25.0,5,287.32
C304,Cold_Rolled,46.23,25.0,1,282.5
C305,Cold_Rolled,47.69,25.0,4,280.51
C306,Cold_Rolled,44.27,25.0,2,277.39
C307,Cold_Rolled,47.6,25.0,4,293.33
C308,Cold_Rolled,41.35,25.0,4,282.17
C309,Cold_Rolled,47.54,25.0,4,279.56
C310,Cold_Rolled,45.77,25.0,1,279.98
C311,Cold_Rolled,36.52,25.0,1,304.7
C312,Cold_Rolled,35.73,25.0,2,289.98
C313,Cold_Rolled,36.0,25.0,4,288.99
C314,Cold_Rolled,43.62,25.0,1,284.11
C315,Cold_Rolled,46.06,25.0,2,276.18
C316,Cold_Rolled,40.41,25.0,2,287.3
C317,Cold_Rolled,47.46,25.0,4,296.43
C318,Cold_Rolled,38.85,25.0,3,290.34
C319,Cold_Rolled,46.45,25.0,4,282.54
C320,Cold_Rolled,44.48,25.0,3,277.45
C321,Cold_Rolled,38.69,25.0,2,300.39
C322,Cold_Rolled,50.66,25.0,1,290.84
C323,Cold_Rolled,46.27,25.0,5,286.82
C324,Cold_Rolled,41.22,25.0,2,290.25
C325,Cold_Rolled,39.88,25.0,1,285.44
C326,Cold_Rolled,40.97,25.0,2,288.66
C327,Cold_Rolled,44.54,25.0,4,276.57
C328,Cold_Rolled,37.96,25.0,3,281.39
C329,Cold_Rolled,47.81,25.0,2,269.13
C330,Cold_Rolled,47.97,25.0,1,282.29
C331,Cold_Rolled,41.28,25.0,4,275.96
C332,Cold_Rolled,48.21,25.0,5,275.71
C333,Cold_Rolled,31.37,25.0,4,297.77
C334,Cold_Rolled,46.15,25.0,3,287.93
C335,Cold_Rolled,38.1,25.0,4,285.06
C336,Cold_Rolled,48.79,25.0,5,286.53
C337,Cold_Rolled,33.6,25.0,1,301.45
C338,Cold_Rolled,43.26,25.0,2,276.13
C339,Cold_Rolled,46.27,25.0,3,288.72
C340,Cold_Rolled,44.88,25.0,5,280.12
C341,Cold_Rolled,46.93,25.0,3,276.79
C342,Cold_Rolled,44.49,25.0,4,280.5
C343,Cold_Rolled,48.61,25.0,3,278.87
C344,Cold_Rolled,46.13,25.0,5,278.07
C345,Cold_Rolled,38.24,25.0,2,283.06
C346,Cold_Rolled,42.17,25.0,2,279.44
C347,Cold_Rolled,47.88,25.0,3,280.45
C348,Cold_Rolled,44.32,25.0,1,281.49
C349,Cold_Rolled,35.63,25.0,3,295.83
C350,Cold_Rolled,45.64,25.0,4,281.78
C351,Cold_Rolled,48.25,25.0,2,279.72
C352,Cold_Rolled,40.13,25.0,2,290.97
C353,Cold_Rolled,51.57,25.0,2,286.52
C354,Cold_Rolled,44.77,25.0,1,292.41
C355,Cold_Rolled,34.88,25.0,1,302.51
C356,Cold_Rolled,44.46,25.0,5,288.58
C357,Cold_Rolled,37.5,25.0,3,304.41
C358,Cold_Rolled,48.29,25.0,3,282.21
C359,Cold_Rolled,44.65,25.0,4,284.59
C360,Cold_Rolled,45.1,25.0,2,297.61
C361,Cold_Rolled,40.49,25.0,1,267.36
C362,Cold_Rolled,42.96,25.0,4,282.41
C363,Cold_Rolled,33.68,25.0,4,303.53
C364,Cold_Rolled,45.89,25.0,1,288.05
C365,Cold_Rolled,43.03,25.0,3,301.81
C366,Cold_Rolled,44.93,25.0,2,282.81
C367,Cold_Rolled,43.42,25.0,3,280.45
C368,Cold_Rolled,43.9,25.0,4,280.69
C369,Cold_Rolled,47.5,25.0,2,282.03
C370,Cold_Rolled,38.65,25.0,5,299.82
C371,Cold_Rolled,46.58,25.0,4,292.03
C372,Cold_Rolled,46.86,25.0,3,279.95
C373,Cold_Rolled,49.85,25.0,3,279.67
C374,Cold_Rolled,46.01,25.0,3,276.8
C375,Cold_Rolled,46.63,25.0,1,276.99
C376,Cold_Rolled,53.06,25.0,4,282.83
C377,Cold_Rolled,51.19,25.0,2,288.09
C378,Cold_Rolled,44.51,25.0,3,277.56
C379,Cold_Rolled,34.11,25.0,3,295.87
C380,Cold_Rolled,49.35,25.0,1,276.59
C381,Cold_Rolled,43.52,25.0,2,289.42
C382,Cold_Rolled,44.63,25.0,4,279.61
C383,Cold_Rolled,39.61,25.0,5,273.9
C384,Cold_Rolled,39.11,25.0,1,294.98
C385,Cold_Rolled,27.4,25.0,4,302.95
C386,Cold_Rolled,41.95,25.0,5,283.52
C387,Cold_Rolled,47.15,25.0,3,283.15
C388,Cold_Rolled,46.13,25.0,3,283.45
C389,Cold_Rolled,45.7,25.0,2,284.55
C390,Cold_Rolled,46.47,25.0,5,269.28
C391,Cold_Rolled,31.83,25.0,3,301.38
C392,Cold_Rolled,39.44,25.0,3,274.21
C393,Cold_Rolled,50.11,25.0,2,283.08
C394,Cold_Rolled,40.54,25.0,4,294.21
C395,Cold_Rolled,48.15,25.0,3,269.68
C396,Cold_Rolled,39.18,25.0,1,290.17
C397,Cold_Rolled,36.28,25.0,1,298.71
C398,Cold_Rolled,44.54,25.0,4,279.27
C399,Cold_Rolled,46.18,25.0,5,285.65
C400,Cold_Rolled,33.45,25.0,2,275.6
C401,Cold_Rolled,46.72,25.0,1,288.15
C402,Cold_Rolled,47.13,25.0,1,280.33
C403,Cold_Rolled,47.75,25.0,4,277.79
C404,Cold_Rolled,43.77,25.0,5,290.02
C405,Cold_Rolled,41.97,25.0,5,297.0
C406,Cold_Rolled,37.4,25.0,4,293.33
C407,Cold_Rolled,40.25,25.0,1,297.95
C408,Cold_Rolled,40.36,25.0,2,275.71
C409,Cold_Rolled,35.02,25.0,1,297.6
C410,Cold_Rolled,47.92,25.0,5,278.53
C411,Cold_Rolled,49.53,25.0,1,272.63
C412,Cold_Rolled,39.93,25.0,2,273.54
C413,Cold_Rolled,44.01,25.0,3,287.18
C414,Cold_Rolled,37.38,25.0,1,296.09
C415,Cold_Rolled,43.54,25.0,4,292.75
C416,Cold_Rolled,46.32,25.0,3,289.05
C417,Cold_Rolled,39.83,25.0,4,281.74
C418,Cold_Rolled,42.89,25.0,4,293.02
C419,Cold_Rolled,43.54,25.0,4,293.13
C420,Cold_Rolled,25.1,25.0,1,307.97
C421,Cold_Rolled,35.7,25.0,5,292.25
C422,Cold_Rolled,38.98,25.0,3,281.56
C423,Cold_Rolled,42.72,25.0,2,294.52
C424,Cold_Rolled,43.19,25.0,5,273.11
C425,Cold_Rolled,44.9,25.0,1,285.83
C426,Cold_Rolled,42.16,25.0,4,280.53
C427,Cold_Rolled,45.78,25.0,2,273.53
C428,Cold_Rolled,48.65,25.0,3,265.73
C429,Cold_Rolled,43.6,25.0,5,281.79
C430,Cold_Rolled,41.69,25.0,5,276.33
C431,Cold_Rolled,37.36,25.0,2,290.38
C432,Cold_Rolled,47.1,25.0,1,292.52
C433,Cold_Rolled,43.15,25.0,3,285.13
C434,Cold_Rolled,40.3,25.0,2,300.62
C435,Cold_Rolled,40.45,25.0,4,279.61
C436,Cold_Rolled,32.35,25.0,3,287.74
C437,Cold_Rolled,44.81,25.0,5,274.98
C438,Cold_Rolled,47.42,25.0,2,279.41
C439,Cold_Rolled,42.8,25.0,5,303.13
C440,Cold_Rolled,44.56,25.0,5,270.76
C441,Cold_Rolled,45.4,25.0,5,285.97
C442,Cold_Rolled,45.99,25.0,1,276.2
C443,Cold_Rolled,41.67,25.0,5,283.64
C444,Cold_Rolled,46.57,25.0,4,271.79
C445,Cold_Rolled,38.98,25.0,4,294.24
C446,Cold_Rolled,39.32,25.0,3,287.41
C447,Cold_Rolled,41.13,25.0,5,293.37
C448,Cold_Rolled,47.92,25.0,5,280.68
C449,Cold_Rolled,41.93,25.0,2,271.41
C450,Cold_Rolled,36.84,25.0,1,298.29
C451,Cold_Rolled,38.48,25.0,3,274.57
C452,Cold_Rolled,39.49,25.0,5,274.44
C453,Cold_Rolled,43.23,25.0,2,277.23
C454,Cold_Rolled,43.46,25.0,1,277.1
C455,Cold_Rolled,35.56,25.0,3,302.0
C456,Cold_Rolled,41.76,25.0,3,283.91
C457,Cold_Rolled,41.69,25.0,5,293.92
C458,Cold_Rolled,21.23,25.0,3,315.39
C459,Cold_Rolled,44.91,25.0,2,284.3
C460,Cold_Rolled,51.37,25.0,3,280.05
C461,Cold_Rolled,44.23,25.0,4,287.57
C462,Cold_Rolled,43.94,25.0,2,279.72
C463,Cold_Rolled,41.85,25.0,1,282.38
C464,Cold_Rolled,40.51,25.0,1,284.33
C465,Cold_Rolled,51.01,25.0,5,265.44
C466,Cold_Rolled,40.38,25.0,5,285.97
C467,Cold_Rolled,43.64,25.0,4,280.57
C468,Cold_Rolled,44.7,25.0,1,286.33
C469,Cold_Rolled,50.0,25.0,1,278.42
C470,Cold_Rolled,33.8,25.0,1,303.95
C471,Cold_Rolled,45.46,25.0,1,282.07
C472,Cold_Rolled,39.4,25.0,3,283.69
C473,Cold_Rolled,47.16,25.0,2,280.49
C474,Cold_Rolled,41.59,25.0,2,290.35
C475,Cold_Rolled,44.62,25.0,4,269.92
C476,Cold_Rolled,39.61,25.0,3,282.39
C477,Cold_Rolled,44.78,25.0,1,277.33
C478,Cold_Rolled,47.33,25.0,1,282.82
C479,Cold_Rolled,43.41,25.0,5,287.17
C480,Cold_Rolled,43.67,25.0,5,283.94
C481,Cold_Rolled,41.98,25.0,4,267.54
C482,Cold_Rolled,37.6,25.0,1,278.13
C483,Cold_Rolled,48.14,25.0,4,277.6
C484,Cold_Rolled,37.98,25.0,3,285.73
C485,Cold_Rolled,48.64,25.0,2,278.9
C486,Cold_Rolled,39.86,25.0,1,283.83
C487,Cold_Rolled,39.66,25.0,3,298.06
C488,Cold_Rolled,45.69,25.0,1,265.31
C489,Cold_Rolled,46.97,25.0,5,282.37
C490,Cold_Rolled,47.17,25.0,4,285.88
C491,Cold_Rolled,42.92,25.0,5,288.86
C492,Cold_Rolled,39.23,25.0,2,293.33
C493,Cold_Rolled,44.08,25.0,5,289.36
C494,Cold_Rolled,51.59,25.0,1,272.35
C495,Cold_Rolled,45.97,25.0,5,273.41
C496,Cold_Rolled,46.11,25.0,1,266.75
C497,Cold_Rolled,40.55,25.0,2,283.83
C498,Cold_Rolled,40.22,25.0,5,281.28
C499,Cold_Rolled,42.51,25.0,4,292.49
